Time,Driver,DriverNumber,LapTime,LapNumber,Stint,PitOutTime,PitInTime,Sector1Time,Sector2Time,Sector3Time,Sector1SessionTime,Sector2SessionTime,Sector3SessionTime,SpeedI1,SpeedI2,SpeedFL,SpeedST,IsPersonalBest,Compound,TyreLife,FreshTyre,Team,LapStartTime,LapStartDate,TrackStatus,Position,Deleted,DeletedReason,FastF1Generated,IsAccurate,LapTimeSeconds,DriverID,TeamID,TyreCode,StintNorm,LapTrend,TimeSeconds,PaceDeviation,DeltaToBest,RollingAvgDriver
0 days 00:21:54.042000,SAI,55,0 days 00:01:22.321000,2.0,1.0,,,0 days 00:00:27.450000,0 days 00:00:27.716000,0 days 00:00:27.155000,0 days 00:20:59.171000,0 days 00:21:26.887000,0 days 00:21:54.042000,323.0,339.0,315.0,344.0,True,HARD,2.0,True,Ferrari,0 days 00:20:31.721000,2023-09-02 14:05:31.832,1,,False,,False,True,82.321,0,0,0,0.0,0.08695652173913043,1314.042,2.027000000000001,2.027000000000001,82.321
0 days 00:23:58.446000,SAI,55,0 days 00:02:04.404000,3.0,1.0,,0 days 00:23:52.297000,0 days 00:00:46.347000,0 days 00:00:38.123000,0 days 00:00:39.934000,0 days 00:22:40.389000,0 days 00:23:18.512000,0 days 00:23:58.446000,251.0,294.0,,130.0,False,HARD,3.0,True,Ferrari,0 days 00:21:54.042000,2023-09-02 14:06:54.153,1,,False,,False,False,124.404,0,0,0,0.0,0.13043478260869565,1438.446,44.11,44.11,103.3625
0 days 00:26:20.784000,SAI,55,0 days 00:02:22.338000,4.0,2.0,0 days 00:24:23.406000,,0 days 00:01:10.499000,0 days 00:00:37.488000,0 days 00:00:34.351000,0 days 00:25:08.945000,0 days 00:25:46.433000,0 days 00:26:20.784000,262.0,261.0,311.0,84.0,False,HARD,4.0,False,Ferrari,0 days 00:23:58.446000,2023-09-02 14:08:58.557,1,,False,,False,False,142.338,0,0,0,0.16666666666666666,0.17391304347826086,1580.784,62.044,62.044,133.37099999999998
0 days 00:27:42.749000,SAI,55,0 days 00:01:21.965000,5.0,2.0,,,0 days 00:00:27.262000,0 days 00:00:27.655000,0 days 00:00:27.048000,0 days 00:26:48.046000,0 days 00:27:15.701000,0 days 00:27:42.749000,321.0,336.0,307.0,343.0,True,HARD,5.0,False,Ferrari,0 days 00:26:20.784000,2023-09-02 14:11:20.895,1,,False,,False,True,81.965,0,0,0,0.16666666666666666,0.21739130434782608,1662.749,1.6710000000000065,1.6710000000000065,112.1515
0 days 00:29:42.654000,SAI,55,0 days 00:01:59.905000,6.0,2.0,,0 days 00:29:37.418000,0 days 00:00:40.624000,0 days 00:00:36.552000,0 days 00:00:42.729000,0 days 00:28:23.373000,0 days 00:28:59.925000,0 days 00:29:42.654000,273.0,269.0,,145.0,False,HARD,6.0,False,Ferrari,0 days 00:27:42.749000,2023-09-02 14:12:42.860,1,,False,,False,False,119.905,0,0,0,0.16666666666666666,0.2608695652173913,1782.654,39.611000000000004,39.611000000000004,100.935
0 days 00:32:10.227000,SAI,55,0 days 00:02:27.573000,7.0,3.0,0 days 00:30:11.871000,,0 days 00:01:18.766000,0 days 00:00:34.122000,0 days 00:00:34.685000,0 days 00:31:01.420000,0 days 00:31:35.542000,0 days 00:32:10.227000,279.0,295.0,312.0,94.0,False,HARD,7.0,False,Ferrari,0 days 00:29:42.654000,2023-09-02 14:14:42.765,1,,False,,False,False,147.573,0,0,0,0.3333333333333333,0.30434782608695654,1930.227,67.27900000000001,67.27900000000001,133.739
0 days 00:33:32.313000,SAI,55,0 days 00:01:22.086000,8.0,3.0,,,0 days 00:00:27.304000,0 days 00:00:27.688000,0 days 00:00:27.094000,0 days 00:32:37.531000,0 days 00:33:05.219000,0 days 00:33:32.313000,325.0,343.0,313.0,350.0,False,HARD,8.0,False,Ferrari,0 days 00:32:10.227000,2023-09-02 14:17:10.338,1,,False,,False,True,82.086,0,0,0,0.3333333333333333,0.34782608695652173,2012.313,1.7920000000000016,1.7920000000000016,114.8295
0 days 00:35:20.912000,SAI,55,0 days 00:01:48.599000,9.0,3.0,,0 days 00:35:17.117000,0 days 00:00:35.911000,0 days 00:00:33.769000,0 days 00:00:38.919000,0 days 00:34:08.224000,0 days 00:34:41.993000,0 days 00:35:20.912000,245.0,268.0,,203.0,False,HARD,9.0,False,Ferrari,0 days 00:33:32.313000,2023-09-02 14:18:32.424,1,,False,,False,False,108.599,0,0,0,0.3333333333333333,0.391304347826087,2120.912,28.305000000000007,28.305000000000007,95.3425
0 days 00:45:34.770000,SAI,55,0 days 00:01:20.991000,11.0,4.0,,,0 days 00:00:26.846000,0 days 00:00:27.268000,0 days 00:00:26.877000,0 days 00:44:40.625000,0 days 00:45:07.893000,0 days 00:45:34.770000,323.0,339.0,311.0,348.0,True,MEDIUM,2.0,True,Ferrari,0 days 00:44:13.779000,2023-09-02 14:29:13.890,1,,False,,False,True,80.991,0,0,1,0.5,0.4782608695652174,2734.77,0.6970000000000027,0.6970000000000027,94.795
0 days 00:47:22.685000,SAI,55,0 days 00:01:47.915000,12.0,4.0,,0 days 00:47:18.781000,0 days 00:00:34.336000,0 days 00:00:35.383000,0 days 00:00:38.196000,0 days 00:46:09.106000,0 days 00:46:44.489000,0 days 00:47:22.685000,247.0,269.0,,222.0,False,MEDIUM,3.0,True,Ferrari,0 days 00:45:34.770000,2023-09-02 14:30:34.881,1,,False,,False,False,107.915,0,0,1,0.5,0.5217391304347826,2842.685,27.62100000000001,27.62100000000001,94.453
0 days 00:56:22.601000,SAI,55,0 days 00:01:34.306000,14.0,5.0,,0 days 00:56:18.760000,0 days 00:00:27.242000,0 days 00:00:27.846000,0 days 00:00:39.218000,0 days 00:55:15.537000,0 days 00:55:43.383000,0 days 00:56:22.601000,324.0,276.0,,350.0,False,MEDIUM,2.0,True,Ferrari,0 days 00:54:48.295000,2023-09-02 14:39:48.406,1,,False,,False,False,94.306,0,0,1,0.6666666666666666,0.6086956521739131,3382.601,14.012,14.012,101.1105
0 days 01:07:58.401000,SAI,55,0 days 00:01:20.532000,16.0,6.0,,,0 days 00:00:26.720000,0 days 00:00:27.135000,0 days 00:00:26.677000,0 days 01:07:04.589000,0 days 01:07:31.724000,0 days 01:07:58.401000,323.0,338.0,314.0,347.0,True,SOFT,2.0,True,Ferrari,0 days 01:06:37.869000,2023-09-02 14:51:37.980,1,,False,,False,True,80.532,0,0,2,0.8333333333333334,0.6956521739130435,4078.401,0.23799999999999955,0.23799999999999955,87.419
0 days 01:09:47.763000,SAI,55,0 days 00:01:49.362000,17.0,6.0,,0 days 01:09:43.860000,0 days 00:00:34.701000,0 days 00:00:35.441000,0 days 00:00:39.220000,0 days 01:08:33.102000,0 days 01:09:08.543000,0 days 01:09:47.763000,236.0,260.0,,229.0,False,SOFT,3.0,True,Ferrari,0 days 01:07:58.401000,2023-09-02 14:52:58.512,1,,False,,False,False,109.362,0,0,2,0.8333333333333334,0.7391304347826086,4187.763,29.067999999999998,29.067999999999998,94.947
0 days 01:15:31,SAI,55,0 days 00:01:20.294000,19.0,7.0,,,0 days 00:00:26.701000,0 days 00:00:26.988000,0 days 00:00:26.605000,0 days 01:14:37.407000,0 days 01:15:04.395000,0 days 01:15:31,323.0,338.0,308.0,347.0,True,SOFT,2.0,True,Ferrari,0 days 01:14:10.706000,2023-09-02 14:59:10.817,1,,False,,False,True,80.294,0,0,2,1.0,0.8260869565217391,4531.0,0.0,0.0,94.828
0 days 01:17:30.056000,SAI,55,0 days 00:01:59.056000,20.0,7.0,,0 days 01:17:22.089000,0 days 00:00:36.664000,0 days 00:00:37.154000,0 days 00:00:45.238000,0 days 01:16:07.664000,0 days 01:16:44.818000,0 days 01:17:30.056000,213.0,223.0,,230.0,False,SOFT,3.0,True,Ferrari,0 days 01:15:31,2023-09-02 15:00:31.111,1,,False,,False,False,119.056,0,0,2,1.0,0.8695652173913043,4650.056,38.762,38.762,99.675
0 days 00:19:25.889000,VER,1,0 days 00:01:22.047000,2.0,1.0,,,0 days 00:00:27.167000,0 days 00:00:27.831000,0 days 00:00:27.049000,0 days 00:18:31.009000,0 days 00:18:58.840000,0 days 00:19:25.889000,321.0,335.0,312.0,339.0,False,HARD,2.0,True,Red Bull Racing,0 days 00:18:03.842000,2023-09-02 14:03:03.953,1,,True,TRACK LIMITS AT TURN 7 LAP 3 ,False,True,82.047,1,1,0,0.0,0.08695652173913043,1165.889,1.7399999999999949,1.7530000000000001,82.047
0 days 00:21:21.478000,VER,1,0 days 00:01:55.589000,3.0,1.0,,0 days 00:21:17.392000,0 days 00:00:39.475000,0 days 00:00:38.131000,0 days 00:00:37.983000,0 days 00:20:05.364000,0 days 00:20:43.495000,0 days 00:21:21.478000,209.0,280.0,,189.0,False,HARD,3.0,True,Red Bull Racing,0 days 00:19:25.889000,2023-09-02 14:04:26.000,1,,False,,False,False,115.589,1,1,0,0.0,0.13043478260869565,1281.478,35.282,35.295,98.818
0 days 00:23:32.525000,VER,1,0 days 00:02:11.047000,4.0,2.0,0 days 00:21:45.439000,,0 days 00:00:57.956000,0 days 00:00:41.796000,0 days 00:00:31.295000,0 days 00:22:19.434000,0 days 00:23:01.230000,0 days 00:23:32.525000,233.0,200.0,315.0,212.0,False,HARD,4.0,False,Red Bull Racing,0 days 00:21:21.478000,2023-09-02 14:06:21.589,1,,False,,False,False,131.047,1,1,0,0.16666666666666666,0.17391304347826086,1412.525,50.739999999999995,50.753,123.318
0 days 00:24:54.098000,VER,1,0 days 00:01:21.573000,5.0,2.0,,,0 days 00:00:27.048000,0 days 00:00:27.614000,0 days 00:00:26.911000,0 days 00:23:59.573000,0 days 00:24:27.187000,0 days 00:24:54.098000,321.0,336.0,313.0,342.0,True,HARD,5.0,False,Red Bull Racing,0 days 00:23:32.525000,2023-09-02 14:08:32.636,1,,False,,False,True,81.573,1,1,0,0.16666666666666666,0.21739130434782608,1494.098,1.2659999999999911,1.2789999999999964,106.31
0 days 00:26:48.896000,VER,1,0 days 00:01:54.798000,6.0,2.0,,0 days 00:26:45.014000,0 days 00:00:39.999000,0 days 00:00:36.787000,0 days 00:00:38.012000,0 days 00:25:34.097000,0 days 00:26:10.884000,0 days 00:26:48.896000,256.0,263.0,,227.0,False,HARD,6.0,False,Red Bull Racing,0 days 00:24:54.098000,2023-09-02 14:09:54.209,1,,False,,False,False,114.798,1,1,0,0.16666666666666666,0.2608695652173913,1608.896,34.491,34.504000000000005,98.18549999999999
0 days 00:29:13.261000,VER,1,0 days 00:02:24.365000,7.0,3.0,0 days 00:27:21.263000,,0 days 00:01:08.503000,0 days 00:00:39.373000,0 days 00:00:36.489000,0 days 00:27:57.399000,0 days 00:28:36.772000,0 days 00:29:13.261000,247.0,261.0,312.0,190.0,False,HARD,7.0,False,Red Bull Racing,0 days 00:26:48.896000,2023-09-02 14:11:49.007,1,,False,,False,False,144.365,1,1,0,0.3333333333333333,0.30434782608695654,1753.261,64.058,64.07100000000001,129.5815
0 days 00:30:34.983000,VER,1,0 days 00:01:21.722000,8.0,3.0,,,0 days 00:00:27.154000,0 days 00:00:27.599000,0 days 00:00:26.969000,0 days 00:29:40.415000,0 days 00:30:08.014000,0 days 00:30:34.983000,321.0,336.0,312.0,340.0,False,HARD,8.0,False,Red Bull Racing,0 days 00:29:13.261000,2023-09-02 14:14:13.372,1,,False,,False,True,81.722,1,1,0,0.3333333333333333,0.34782608695652173,1834.983,1.414999999999992,1.4279999999999973,113.0435
0 days 00:32:26.924000,VER,1,0 days 00:01:51.941000,9.0,3.0,,0 days 00:32:20.416000,0 days 00:00:34.833000,0 days 00:00:34.712000,0 days 00:00:42.396000,0 days 00:31:09.816000,0 days 00:31:44.528000,0 days 00:32:26.924000,265.0,268.0,,205.0,False,HARD,9.0,False,Red Bull Racing,0 days 00:30:34.983000,2023-09-02 14:15:35.094,1,,False,,False,False,111.941,1,1,0,0.3333333333333333,0.391304347826087,1946.924,31.634,31.647000000000006,96.8315
0 days 00:44:56.180000,VER,1,0 days 00:01:21.035000,11.0,4.0,,,0 days 00:00:26.962000,0 days 00:00:27.270000,0 days 00:00:26.803000,0 days 00:44:02.107000,0 days 00:44:29.377000,0 days 00:44:56.180000,319.0,333.0,311.0,339.0,True,MEDIUM,2.0,True,Red Bull Racing,0 days 00:43:35.145000,2023-09-02 14:28:35.256,1,,False,,False,True,81.035,1,1,1,0.5,0.4782608695652174,2696.18,0.7279999999999944,0.7409999999999997,96.488
0 days 00:46:45.659000,VER,1,0 days 00:01:49.479000,12.0,4.0,,0 days 00:46:41.782000,0 days 00:00:35.348000,0 days 00:00:37.125000,0 days 00:00:37.006000,0 days 00:45:31.528000,0 days 00:46:08.653000,0 days 00:46:45.659000,243.0,277.0,,219.0,False,MEDIUM,3.0,True,Red Bull Racing,0 days 00:44:56.180000,2023-09-02 14:29:56.291,1,,False,,False,False,109.479,1,1,1,0.5,0.5217391304347826,2805.659,29.171999999999997,29.185000000000002,95.257
0 days 00:56:02.037000,VER,1,0 days 00:01:20.937000,14.0,5.0,,,0 days 00:00:26.897000,0 days 00:00:27.357000,0 days 00:00:26.683000,0 days 00:55:07.997000,0 days 00:55:35.354000,0 days 00:56:02.037000,321.0,338.0,312.0,344.0,True,MEDIUM,2.0,True,Red Bull Racing,0 days 00:54:41.100000,2023-09-02 14:39:41.211,1,,False,,False,True,80.937,1,1,1,0.6666666666666666,0.6086956521739131,3362.037,0.6299999999999955,0.6430000000000007,95.208
0 days 00:57:48.247000,VER,1,0 days 00:01:46.210000,15.0,5.0,,0 days 00:57:44.399000,0 days 00:00:32.734000,0 days 00:00:34.999000,0 days 00:00:38.477000,0 days 00:56:34.771000,0 days 00:57:09.770000,0 days 00:57:48.247000,271.0,269.0,,234.0,False,MEDIUM,3.0,True,Red Bull Racing,0 days 00:56:02.037000,2023-09-02 14:41:02.148,1,,False,,False,False,106.21,1,1,1,0.6666666666666666,0.6521739130434783,3468.247,25.90299999999999,25.915999999999997,93.5735
0 days 01:07:32.002000,VER,1,0 days 00:01:20.631000,17.0,6.0,,,0 days 00:00:26.899000,0 days 00:00:27.191000,0 days 00:00:26.541000,0 days 01:06:38.270000,0 days 01:07:05.461000,0 days 01:07:32.002000,318.0,333.0,311.0,338.0,True,SOFT,2.0,True,Red Bull Racing,0 days 01:06:11.371000,2023-09-02 14:51:11.482,1,,False,,False,True,80.631,1,1,2,0.8333333333333334,0.7391304347826086,4052.002,0.32399999999999807,0.3370000000000033,93.4205
0 days 01:09:05.377000,VER,1,0 days 00:01:33.375000,18.0,6.0,,0 days 01:09:01.470000,0 days 00:00:29.991000,0 days 00:00:29.930000,0 days 00:00:33.454000,0 days 01:08:01.993000,0 days 01:08:31.923000,0 days 01:09:05.377000,295.0,308.0,,262.0,False,SOFT,3.0,True,Red Bull Racing,0 days 01:07:32.002000,2023-09-02 14:52:32.113,1,,False,,False,False,93.375,1,1,2,0.8333333333333334,0.782608695652174,4145.377,13.067999999999998,13.081000000000003,87.003
0 days 01:15:25.466000,VER,1,0 days 00:01:20.307000,20.0,7.0,,,0 days 00:00:26.758000,0 days 00:00:27.049000,0 days 00:00:26.500000,0 days 01:14:31.917000,0 days 01:14:58.966000,0 days 01:15:25.466000,319.0,334.0,312.0,341.0,True,SOFT,2.0,True,Red Bull Racing,0 days 01:14:05.159000,2023-09-02 14:59:05.270,1,,False,,False,True,80.307,1,1,2,1.0,0.8695652173913043,4525.466,0.0,0.01300000000000523,86.84100000000001
0 days 00:21:47.595000,LEC,16,0 days 00:01:22.496000,2.0,1.0,,,0 days 00:00:27.197000,0 days 00:00:27.969000,0 days 00:00:27.330000,0 days 00:20:52.296000,0 days 00:21:20.265000,0 days 00:21:47.595000,321.0,335.0,315.0,341.0,True,HARD,2.0,True,Ferrari,0 days 00:20:25.099000,2023-09-02 14:05:25.210,1,,False,,False,True,82.496,2,0,0,0.0,0.08695652173913043,1307.595,2.134999999999991,2.201999999999998,82.496
0 days 00:23:42.623000,LEC,16,0 days 00:01:55.028000,3.0,1.0,,,0 days 00:00:40.160000,0 days 00:00:38.868000,0 days 00:00:36,0 days 00:22:27.755000,0 days 00:23:06.623000,0 days 00:23:42.623000,264.0,135.0,243.0,168.0,False,HARD,3.0,True,Ferrari,0 days 00:21:47.595000,2023-09-02 14:06:47.706,1,,False,,False,True,115.028,2,0,0,0.0,0.13043478260869565,1422.623,34.667,34.73400000000001,98.762
0 days 00:25:36.100000,LEC,16,0 days 00:01:53.477000,4.0,1.0,,,0 days 00:00:42.280000,0 days 00:00:34.924000,0 days 00:00:36.273000,0 days 00:24:24.903000,0 days 00:24:59.827000,0 days 00:25:36.100000,287.0,266.0,310.0,101.0,False,HARD,4.0,True,Ferrari,0 days 00:23:42.623000,2023-09-02 14:08:42.734,1,,False,,False,True,113.477,2,0,0,0.0,0.17391304347826086,1536.1,33.116,33.18300000000001,114.2525
0 days 00:26:58.096000,LEC,16,0 days 00:01:21.996000,5.0,1.0,,,0 days 00:00:27.244000,0 days 00:00:27.664000,0 days 00:00:27.088000,0 days 00:26:03.344000,0 days 00:26:31.008000,0 days 00:26:58.096000,320.0,336.0,312.0,341.0,True,HARD,5.0,True,Ferrari,0 days 00:25:36.100000,2023-09-02 14:10:36.211,1,,False,,False,True,81.996,2,0,0,0.0,0.21739130434782608,1618.096,1.634999999999991,1.7019999999999982,97.7365
0 days 00:28:53.787000,LEC,16,0 days 00:01:55.691000,6.0,1.0,,0 days 00:28:48.481000,0 days 00:00:34.062000,0 days 00:00:38.420000,0 days 00:00:43.209000,0 days 00:27:32.158000,0 days 00:28:10.578000,0 days 00:28:53.787000,198.0,244.0,,248.0,False,HARD,6.0,True,Ferrari,0 days 00:26:58.096000,2023-09-02 14:11:58.207,1,,False,,False,False,115.691,2,0,0,0.0,0.2608695652173913,1733.787,35.33,35.397000000000006,98.8435
0 days 00:31:08.850000,LEC,16,0 days 00:02:15.063000,7.0,2.0,0 days 00:29:18.668000,,0 days 00:01:03.762000,0 days 00:00:36.732000,0 days 00:00:34.569000,0 days 00:29:57.549000,0 days 00:30:34.281000,0 days 00:31:08.850000,234.0,223.0,310.0,175.0,False,HARD,7.0,False,Ferrari,0 days 00:28:53.787000,2023-09-02 14:13:53.898,1,,False,,False,False,135.063,2,0,0,0.16666666666666666,0.30434782608695654,1868.85,54.701999999999984,54.76899999999999,125.37700000000001
0 days 00:32:30.638000,LEC,16,0 days 00:01:21.788000,8.0,2.0,,,0 days 00:00:27.095000,0 days 00:00:27.668000,0 days 00:00:27.025000,0 days 00:31:35.945000,0 days 00:32:03.613000,0 days 00:32:30.638000,323.0,343.0,314.0,342.0,True,HARD,8.0,False,Ferrari,0 days 00:31:08.850000,2023-09-02 14:16:08.961,1,,False,,False,True,81.788,2,0,0,0.16666666666666666,0.34782608695652173,1950.638,1.4269999999999925,1.4939999999999998,108.4255
0 days 00:34:20.634000,LEC,16,0 days 00:01:49.996000,9.0,2.0,,0 days 00:34:16.790000,0 days 00:00:39.923000,0 days 00:00:33.050000,0 days 00:00:37.023000,0 days 00:33:10.561000,0 days 00:33:43.611000,0 days 00:34:20.634000,235.0,281.0,,118.0,False,HARD,9.0,False,Ferrari,0 days 00:32:30.638000,2023-09-02 14:17:30.749,1,,False,,False,False,109.996,2,0,0,0.16666666666666666,0.391304347826087,2060.634,29.63499999999999,29.701999999999998,95.89200000000001
0 days 00:45:29.185000,LEC,16,0 days 00:01:21.175000,11.0,3.0,,,0 days 00:00:26.809000,0 days 00:00:27.433000,0 days 00:00:26.933000,0 days 00:44:34.819000,0 days 00:45:02.252000,0 days 00:45:29.185000,322.0,339.0,312.0,348.0,True,MEDIUM,2.0,True,Ferrari,0 days 00:44:08.010000,2023-09-02 14:29:08.121,1,,False,,False,True,81.175,2,0,1,0.3333333333333333,0.4782608695652174,2729.185,0.813999999999993,0.8810000000000002,95.58550000000001
0 days 00:47:14.123000,LEC,16,0 days 00:01:44.938000,12.0,3.0,,0 days 00:47:10.266000,0 days 00:00:32.400000,0 days 00:00:32.759000,0 days 00:00:39.779000,0 days 00:46:01.585000,0 days 00:46:34.344000,0 days 00:47:14.123000,269.0,278.0,,212.0,False,MEDIUM,3.0,True,Ferrari,0 days 00:45:29.185000,2023-09-02 14:30:29.296,1,,False,,False,False,104.938,2,0,1,0.3333333333333333,0.5217391304347826,2834.123,24.576999999999998,24.644000000000005,93.05650000000001
0 days 00:55:43.874000,LEC,16,0 days 00:01:20.977000,14.0,4.0,,,0 days 00:00:26.833000,0 days 00:00:27.308000,0 days 00:00:26.836000,0 days 00:54:49.730000,0 days 00:55:17.038000,0 days 00:55:43.874000,322.0,337.0,309.0,345.0,True,MEDIUM,2.0,True,Ferrari,0 days 00:54:22.897000,2023-09-02 14:39:23.008,1,,False,,False,True,80.977,2,0,1,0.5,0.6086956521739131,3343.874,0.6159999999999997,0.6830000000000069,92.95750000000001
0 days 00:57:31.353000,LEC,16,0 days 00:01:47.479000,15.0,4.0,,0 days 00:57:27.493000,0 days 00:00:33.596000,0 days 00:00:35.010000,0 days 00:00:38.873000,0 days 00:56:17.470000,0 days 00:56:52.480000,0 days 00:57:31.353000,235.0,261.0,,222.0,False,MEDIUM,3.0,True,Ferrari,0 days 00:55:43.874000,2023-09-02 14:40:43.985,1,,False,,False,False,107.479,2,0,1,0.5,0.6521739130434783,3451.353,27.117999999999995,27.185000000000002,94.22800000000001
0 days 01:07:52.223000,LEC,16,0 days 00:01:20.564000,17.0,5.0,,,0 days 00:00:26.770000,0 days 00:00:27.124000,0 days 00:00:26.670000,0 days 01:06:58.429000,0 days 01:07:25.553000,0 days 01:07:52.223000,321.0,336.0,309.0,345.0,True,SOFT,2.0,True,Ferrari,0 days 01:06:31.659000,2023-09-02 14:51:31.770,1,,False,,False,True,80.564,2,0,2,0.6666666666666666,0.7391304347826086,4072.223,0.20299999999998875,0.269999999999996,94.0215
0 days 01:09:35.051000,LEC,16,0 days 00:01:42.828000,18.0,5.0,,0 days 01:09:31.157000,0 days 00:00:32.746000,0 days 00:00:32.905000,0 days 00:00:37.177000,0 days 01:08:24.969000,0 days 01:08:57.874000,0 days 01:09:35.051000,245.0,279.0,,204.0,False,SOFT,3.0,True,Ferrari,0 days 01:07:52.223000,2023-09-02 14:52:52.334,1,,False,,False,False,102.828,2,0,2,0.6666666666666666,0.782608695652174,4175.051,22.467,22.534000000000006,91.69600000000001
0 days 01:15:12.657000,LEC,16,0 days 00:01:20.361000,20.0,6.0,,,0 days 00:00:26.667000,0 days 00:00:27.101000,0 days 00:00:26.593000,0 days 01:14:18.963000,0 days 01:14:46.064000,0 days 01:15:12.657000,321.0,335.0,313.0,344.0,True,SOFT,2.0,True,Ferrari,0 days 01:13:52.296000,2023-09-02 14:58:52.407,1,,False,,False,True,80.361,2,0,2,0.8333333333333334,0.8695652173913043,4512.657,0.0,0.06700000000000728,91.59450000000001
0 days 00:19:39.483000,RUS,63,0 days 00:01:22.148000,2.0,1.0,,,0 days 00:00:27.252000,0 days 00:00:27.804000,0 days 00:00:27.092000,0 days 00:18:44.587000,0 days 00:19:12.391000,0 days 00:19:39.483000,321.0,332.0,308.0,337.0,True,HARD,2.0,True,Mercedes,0 days 00:18:17.335000,2023-09-02 14:03:17.446,1,,False,,False,True,82.148,3,2,0,0.0,0.08695652173913043,1179.483,1.4769999999999897,1.8539999999999992,82.148
0 days 00:21:31.845000,RUS,63,0 days 00:01:52.362000,3.0,1.0,,0 days 00:21:28.002000,0 days 00:00:35.664000,0 days 00:00:38.230000,0 days 00:00:38.468000,0 days 00:20:15.147000,0 days 00:20:53.377000,0 days 00:21:31.845000,283.0,299.0,,178.0,False,HARD,3.0,True,Mercedes,0 days 00:19:39.483000,2023-09-02 14:04:39.594,1,,False,,False,False,112.362,3,2,0,0.0,0.13043478260869565,1291.845,31.69099999999999,32.068,97.255
0 days 00:27:46.102000,RUS,63,0 days 00:01:22.247000,5.0,2.0,,,0 days 00:00:27.356000,0 days 00:00:27.823000,0 days 00:00:27.068000,0 days 00:26:51.211000,0 days 00:27:19.034000,0 days 00:27:46.102000,319.0,332.0,308.0,338.0,False,HARD,2.0,True,Mercedes,0 days 00:26:23.855000,2023-09-02 14:11:23.966,1,,False,,False,True,82.247,3,2,0,0.16666666666666666,0.21739130434782608,1666.102,1.5759999999999934,1.953000000000003,97.30449999999999
0 days 00:29:31.058000,RUS,63,0 days 00:01:44.956000,6.0,2.0,,0 days 00:29:27.231000,0 days 00:00:32.159000,0 days 00:00:34.873000,0 days 00:00:37.924000,0 days 00:28:18.261000,0 days 00:28:53.134000,0 days 00:29:31.058000,290.0,303.0,,239.0,False,HARD,3.0,True,Mercedes,0 days 00:27:46.102000,2023-09-02 14:12:46.213,1,,False,,False,False,104.956,3,2,0,0.16666666666666666,0.2608695652173913,1771.058,24.284999999999997,24.662000000000006,93.6015
0 days 00:32:00.484000,RUS,63,0 days 00:02:29.426000,7.0,3.0,0 days 00:30:06.168000,,0 days 00:01:19.487000,0 days 00:00:37.340000,0 days 00:00:32.599000,0 days 00:30:50.545000,0 days 00:31:27.885000,0 days 00:32:00.484000,242.0,311.0,310.0,94.0,False,HARD,4.0,False,Mercedes,0 days 00:29:31.058000,2023-09-02 14:14:31.169,1,,False,,False,False,149.426,3,2,0,0.3333333333333333,0.30434782608695654,1920.484,68.75499999999998,69.13199999999999,127.191
0 days 00:33:22.824000,RUS,63,0 days 00:01:22.340000,8.0,3.0,,,0 days 00:00:27.392000,0 days 00:00:27.859000,0 days 00:00:27.089000,0 days 00:32:27.876000,0 days 00:32:55.735000,0 days 00:33:22.824000,317.0,332.0,309.0,336.0,False,HARD,5.0,False,Mercedes,0 days 00:32:00.484000,2023-09-02 14:17:00.595,1,,False,,False,True,82.34,3,2,0,0.3333333333333333,0.34782608695652173,2002.824,1.668999999999997,2.0460000000000065,115.883
0 days 00:35:14.877000,RUS,63,0 days 00:01:52.053000,9.0,3.0,,0 days 00:35:10.570000,0 days 00:00:36.985000,0 days 00:00:34.311000,0 days 00:00:40.757000,0 days 00:33:59.809000,0 days 00:34:34.120000,0 days 00:35:14.877000,267.0,304.0,,150.0,False,HARD,6.0,False,Mercedes,0 days 00:33:22.824000,2023-09-02 14:18:22.935,1,,False,,False,False,112.053,3,2,0,0.3333333333333333,0.391304347826087,2114.877,31.38199999999999,31.759,97.1965
0 days 00:48:01.054000,RUS,63,0 days 00:01:21.480000,11.0,4.0,,,0 days 00:00:27.169000,0 days 00:00:27.448000,0 days 00:00:26.863000,0 days 00:47:06.743000,0 days 00:47:34.191000,0 days 00:48:01.054000,318.0,329.0,308.0,335.0,True,MEDIUM,2.0,True,Mercedes,0 days 00:46:39.574000,2023-09-02 14:31:39.685,1,,False,,False,True,81.48,3,2,1,0.5,0.4782608695652174,2881.054,0.8089999999999975,1.186000000000007,96.76650000000001
0 days 00:49:48.324000,RUS,63,0 days 00:01:47.270000,12.0,4.0,,0 days 00:49:42.076000,0 days 00:00:35.339000,0 days 00:00:32.740000,0 days 00:00:39.191000,0 days 00:48:36.393000,0 days 00:49:09.133000,0 days 00:49:48.324000,291.0,304.0,,153.0,False,MEDIUM,3.0,True,Mercedes,0 days 00:48:01.054000,2023-09-02 14:33:01.165,1,,False,,False,False,107.27,3,2,1,0.5,0.5217391304347826,2988.324,26.59899999999999,26.976,94.375
0 days 00:55:32.627000,RUS,63,0 days 00:01:21.382000,14.0,5.0,,,0 days 00:00:27.124000,0 days 00:00:27.501000,0 days 00:00:26.757000,0 days 00:54:38.369000,0 days 00:55:05.870000,0 days 00:55:32.627000,318.0,331.0,308.0,336.0,True,MEDIUM,2.0,True,Mercedes,0 days 00:54:11.245000,2023-09-02 14:39:11.356,1,,False,,False,True,81.382,3,2,1,0.6666666666666666,0.6086956521739131,3332.627,0.7109999999999985,1.088000000000008,94.326
0 days 00:57:24.003000,RUS,63,0 days 00:01:51.376000,15.0,5.0,,0 days 00:57:20.103000,0 days 00:00:37.411000,0 days 00:00:35.130000,0 days 00:00:38.835000,0 days 00:56:10.038000,0 days 00:56:45.168000,0 days 00:57:24.003000,245.0,305.0,,151.0,False,MEDIUM,3.0,True,Mercedes,0 days 00:55:32.627000,2023-09-02 14:40:32.738,1,,False,,False,False,111.376,3,2,1,0.6666666666666666,0.6521739130434783,3444.003,30.705,31.082000000000008,96.379
0 days 01:08:17.320000,RUS,63,0 days 00:01:20.763000,17.0,6.0,,,0 days 00:00:26.985000,0 days 00:00:27.184000,0 days 00:00:26.594000,0 days 01:07:23.542000,0 days 01:07:50.726000,0 days 01:08:17.320000,319.0,332.0,311.0,337.0,True,SOFT,2.0,True,Mercedes,0 days 01:06:56.557000,2023-09-02 14:51:56.668,1,,False,,False,True,80.763,3,2,2,0.8333333333333334,0.7391304347826086,4097.32,0.09199999999999875,0.4690000000000083,96.0695
0 days 01:09:57.049000,RUS,63,0 days 00:01:39.729000,18.0,6.0,,0 days 01:09:53.157000,0 days 00:00:33.162000,0 days 00:00:31.003000,0 days 00:00:35.564000,0 days 01:08:50.482000,0 days 01:09:21.485000,0 days 01:09:57.049000,290.0,305.0,,226.0,False,SOFT,3.0,True,Mercedes,0 days 01:08:17.320000,2023-09-02 14:53:17.431,1,,False,,False,False,99.729,3,2,2,0.8333333333333334,0.782608695652174,4197.049,19.057999999999993,19.435000000000002,90.24600000000001
0 days 01:16:04.304000,RUS,63,0 days 00:01:20.671000,20.0,7.0,,,0 days 00:00:26.889000,0 days 00:00:27.159000,0 days 00:00:26.623000,0 days 01:15:10.522000,0 days 01:15:37.681000,0 days 01:16:04.304000,319.0,333.0,310.0,338.0,True,SOFT,2.0,True,Mercedes,0 days 01:14:43.633000,2023-09-02 14:59:43.744,1,,False,,False,True,80.671,3,2,2,1.0,0.8695652173913043,4564.304,0.0,0.37700000000000955,90.2
0 days 00:19:32.789000,PER,11,0 days 00:01:22.226000,2.0,1.0,,,0 days 00:00:27.144000,0 days 00:00:27.868000,0 days 00:00:27.214000,0 days 00:18:37.707000,0 days 00:19:05.575000,0 days 00:19:32.789000,322.0,336.0,311.0,345.0,True,HARD,2.0,True,Red Bull Racing,0 days 00:18:10.563000,2023-09-02 14:03:10.674,1,,False,,False,True,82.226,4,1,0,0.0,0.08695652173913043,1172.789,1.5379999999999967,1.9320000000000022,82.226
0 days 00:21:21.024000,PER,11,0 days 00:01:48.235000,3.0,1.0,,,0 days 00:00:38.736000,0 days 00:00:38.017000,0 days 00:00:31.482000,0 days 00:20:11.525000,0 days 00:20:49.542000,0 days 00:21:21.024000,250.0,285.0,284.0,210.0,False,HARD,3.0,True,Red Bull Racing,0 days 00:19:32.789000,2023-09-02 14:04:32.900,1,,False,,False,True,108.235,4,1,0,0.0,0.13043478260869565,1281.024,27.546999999999997,27.941000000000003,95.2305
0 days 00:23:03.008000,PER,11,0 days 00:01:41.984000,4.0,1.0,,,0 days 00:00:31.991000,0 days 00:00:35.206000,0 days 00:00:34.787000,0 days 00:21:53.015000,0 days 00:22:28.221000,0 days 00:23:03.008000,288.0,252.0,312.0,282.0,False,HARD,4.0,True,Red Bull Racing,0 days 00:21:21.024000,2023-09-02 14:06:21.135,1,,False,,False,True,101.984,4,1,0,0.0,0.17391304347826086,1383.008,21.295999999999992,21.689999999999998,105.1095
0 days 00:24:24.919000,PER,11,0 days 00:01:21.911000,5.0,1.0,,,0 days 00:00:27.218000,0 days 00:00:27.691000,0 days 00:00:27.002000,0 days 00:23:30.226000,0 days 00:23:57.917000,0 days 00:24:24.919000,321.0,334.0,308.0,342.0,True,HARD,5.0,True,Red Bull Racing,0 days 00:23:03.008000,2023-09-02 14:08:03.119,1,,False,,False,True,81.911,4,1,0,0.0,0.21739130434782608,1464.919,1.222999999999999,1.6170000000000044,91.94749999999999
0 days 00:26:18.434000,PER,11,0 days 00:01:53.515000,6.0,1.0,,0 days 00:26:11.061000,0 days 00:00:40.217000,0 days 00:00:33.451000,0 days 00:00:39.847000,0 days 00:25:05.136000,0 days 00:25:38.587000,0 days 00:26:18.434000,217.0,294.0,,222.0,False,HARD,6.0,True,Red Bull Racing,0 days 00:24:24.919000,2023-09-02 14:09:25.030,1,,False,,False,False,113.515,4,1,0,0.0,0.2608695652173913,1578.434,32.827,33.221000000000004,97.713
0 days 00:30:38.818000,PER,11,0 days 00:01:21.942000,8.0,2.0,,,0 days 00:00:27.140000,0 days 00:00:27.767000,0 days 00:00:27.035000,0 days 00:29:44.016000,0 days 00:30:11.783000,0 days 00:30:38.818000,321.0,337.0,313.0,342.0,False,HARD,8.0,False,Red Bull Racing,0 days 00:29:16.876000,2023-09-02 14:14:16.987,1,,False,,False,True,81.942,4,1,0,0.16666666666666666,0.34782608695652173,1838.818,1.2539999999999907,1.6479999999999961,97.7285
0 days 00:32:27.346000,PER,11,0 days 00:01:48.528000,9.0,2.0,,0 days 00:32:23.072000,0 days 00:00:33.425000,0 days 00:00:34.344000,0 days 00:00:40.759000,0 days 00:31:12.243000,0 days 00:31:46.587000,0 days 00:32:27.346000,249.0,281.0,,213.0,False,HARD,9.0,False,Red Bull Racing,0 days 00:30:38.818000,2023-09-02 14:15:38.929,1,,False,,False,False,108.528,4,1,0,0.16666666666666666,0.391304347826087,1947.346,27.840000000000003,28.23400000000001,95.235
0 days 00:44:58.944000,PER,11,0 days 00:01:21.413000,11.0,3.0,,,0 days 00:00:26.932000,0 days 00:00:27.571000,0 days 00:00:26.910000,0 days 00:44:04.463000,0 days 00:44:32.034000,0 days 00:44:58.944000,321.0,336.0,311.0,344.0,True,MEDIUM,2.0,True,Red Bull Racing,0 days 00:43:37.531000,2023-09-02 14:28:37.642,1,,False,,False,True,81.413,4,1,1,0.3333333333333333,0.4782608695652174,2698.944,0.7249999999999943,1.1189999999999998,94.9705
0 days 00:46:50.920000,PER,11,0 days 00:01:51.976000,12.0,3.0,,0 days 00:46:46.719000,0 days 00:00:36.766000,0 days 00:00:35.603000,0 days 00:00:39.607000,0 days 00:45:35.710000,0 days 00:46:11.313000,0 days 00:46:50.920000,256.0,290.0,,214.0,False,MEDIUM,3.0,True,Red Bull Racing,0 days 00:44:58.944000,2023-09-02 14:29:59.055,1,,False,,False,False,111.976,4,1,1,0.3333333333333333,0.5217391304347826,2810.92,31.287999999999997,31.682000000000002,96.6945
0 days 00:56:13.536000,PER,11,0 days 00:01:21.240000,14.0,4.0,,,0 days 00:00:26.933000,0 days 00:00:27.578000,0 days 00:00:26.729000,0 days 00:55:19.229000,0 days 00:55:46.807000,0 days 00:56:13.536000,320.0,337.0,312.0,345.0,True,MEDIUM,2.0,True,Red Bull Racing,0 days 00:54:52.296000,2023-09-02 14:39:52.407,1,,False,,False,True,81.24,4,1,1,0.5,0.6086956521739131,3373.536,0.5519999999999925,0.945999999999998,96.608
0 days 00:58:00.881000,PER,11,0 days 00:01:47.345000,15.0,4.0,,0 days 00:57:56.071000,0 days 00:00:33.318000,0 days 00:00:34.083000,0 days 00:00:39.944000,0 days 00:56:46.854000,0 days 00:57:20.937000,0 days 00:58:00.881000,284.0,275.0,,222.0,False,MEDIUM,3.0,True,Red Bull Racing,0 days 00:56:13.536000,2023-09-02 14:41:13.647,1,,False,,False,False,107.345,4,1,1,0.5,0.6521739130434783,3480.881,26.656999999999996,27.051000000000002,94.29249999999999
0 days 01:07:35.393000,PER,11,0 days 00:01:20.921000,17.0,5.0,,,0 days 00:00:27.007000,0 days 00:00:27.340000,0 days 00:00:26.574000,0 days 01:06:41.479000,0 days 01:07:08.819000,0 days 01:07:35.393000,320.0,336.0,313.0,343.0,True,SOFT,2.0,True,Red Bull Racing,0 days 01:06:14.472000,2023-09-02 14:51:14.583,1,,False,,False,True,80.921,4,1,2,0.6666666666666666,0.7391304347826086,4055.393,0.2330000000000041,0.6270000000000095,94.13300000000001
0 days 01:09:17.481000,PER,11,0 days 00:01:42.088000,18.0,5.0,,0 days 01:09:13.485000,0 days 00:00:31.938000,0 days 00:00:33.097000,0 days 00:00:37.053000,0 days 01:08:07.331000,0 days 01:08:40.428000,0 days 01:09:17.481000,286.0,283.0,,238.0,False,SOFT,3.0,True,Red Bull Racing,0 days 01:07:35.393000,2023-09-02 14:52:35.504,1,,False,,False,False,102.088,4,1,2,0.6666666666666666,0.782608695652174,4157.481,21.39999999999999,21.793999999999997,91.50450000000001
0 days 01:15:49.032000,PER,11,0 days 00:01:20.688000,20.0,6.0,,,0 days 00:00:26.904000,0 days 00:00:27.171000,0 days 00:00:26.613000,0 days 01:14:55.248000,0 days 01:15:22.419000,0 days 01:15:49.032000,319.0,333.0,312.0,344.0,True,SOFT,2.0,True,Red Bull Racing,0 days 01:14:28.344000,2023-09-02 14:59:28.455,1,,False,,False,True,80.688,4,1,2,0.8333333333333334,0.8695652173913043,4549.032,0.0,0.39400000000000546,91.388
0 days 00:20:01.359000,ALB,23,0 days 00:01:22.123000,2.0,1.0,,,0 days 00:00:27.087000,0 days 00:00:27.840000,0 days 00:00:27.196000,0 days 00:19:06.323000,0 days 00:19:34.163000,0 days 00:20:01.359000,323.0,337.0,310.0,345.0,True,HARD,2.0,True,Williams,0 days 00:18:39.236000,2023-09-02 14:03:39.347,1,,False,,False,True,82.123,5,3,0,0.0,0.08695652173913043,1201.359,1.3629999999999995,1.8290000000000077,82.123
0 days 00:21:46.340000,ALB,23,0 days 00:01:44.981000,3.0,1.0,,,0 days 00:00:33.748000,0 days 00:00:36.776000,0 days 00:00:34.457000,0 days 00:20:35.107000,0 days 00:21:11.883000,0 days 00:21:46.340000,292.0,299.0,290.0,272.0,False,HARD,3.0,True,Williams,0 days 00:20:01.359000,2023-09-02 14:05:01.470,1,,False,,False,True,104.981,5,3,0,0.0,0.13043478260869565,1306.34,24.22099999999999,24.686999999999998,93.55199999999999
0 days 00:23:35.586000,ALB,23,0 days 00:01:49.246000,4.0,1.0,,,0 days 00:00:35.230000,0 days 00:00:41.191000,0 days 00:00:32.825000,0 days 00:22:21.570000,0 days 00:23:02.761000,0 days 00:23:35.586000,283.0,232.0,317.0,275.0,False,HARD,4.0,True,Williams,0 days 00:21:46.340000,2023-09-02 14:06:46.451,1,,False,,False,True,109.246,5,3,0,0.0,0.17391304347826086,1415.586,28.48599999999999,28.951999999999998,107.11349999999999
0 days 00:24:57.857000,ALB,23,0 days 00:01:22.271000,5.0,1.0,,,0 days 00:00:27.108000,0 days 00:00:27.793000,0 days 00:00:27.370000,0 days 00:24:02.694000,0 days 00:24:30.487000,0 days 00:24:57.857000,323.0,338.0,314.0,349.0,False,HARD,5.0,True,Williams,0 days 00:23:35.586000,2023-09-02 14:08:35.697,1,,False,,False,True,82.271,5,3,0,0.0,0.21739130434782608,1497.857,1.5109999999999957,1.9770000000000039,95.7585
0 days 00:26:38.411000,ALB,23,0 days 00:01:40.554000,6.0,1.0,,0 days 00:26:34.623000,0 days 00:00:32.244000,0 days 00:00:32.504000,0 days 00:00:35.806000,0 days 00:25:30.101000,0 days 00:26:02.605000,0 days 00:26:38.411000,291.0,300.0,,296.0,False,HARD,6.0,True,Williams,0 days 00:24:57.857000,2023-09-02 14:09:57.968,1,,False,,False,False,100.554,5,3,0,0.0,0.2608695652173913,1598.411,19.793999999999997,20.260000000000005,91.4125
0 days 00:33:37.241000,ALB,23,0 days 00:01:21.661000,8.0,2.0,,,0 days 00:00:26.970000,0 days 00:00:27.570000,0 days 00:00:27.121000,0 days 00:32:42.550000,0 days 00:33:10.120000,0 days 00:33:37.241000,323.0,341.0,314.0,348.0,True,HARD,2.0,True,Williams,0 days 00:32:15.580000,2023-09-02 14:17:15.691,1,,False,,False,True,81.661,5,3,0,0.16666666666666666,0.34782608695652173,2017.241,0.9009999999999962,1.3670000000000044,91.1075
0 days 00:35:26.604000,ALB,23,0 days 00:01:49.363000,9.0,2.0,,0 days 00:35:22.727000,0 days 00:00:34.303000,0 days 00:00:35.620000,0 days 00:00:39.440000,0 days 00:34:11.544000,0 days 00:34:47.164000,0 days 00:35:26.604000,271.0,301.0,,290.0,False,HARD,3.0,True,Williams,0 days 00:33:37.241000,2023-09-02 14:18:37.352,1,,False,,False,False,109.363,5,3,0,0.16666666666666666,0.391304347826087,2126.604,28.602999999999994,29.069000000000003,95.512
0 days 00:45:08.395000,ALB,23,0 days 00:01:21.272000,11.0,3.0,,,0 days 00:00:26.828000,0 days 00:00:27.475000,0 days 00:00:26.969000,0 days 00:44:13.951000,0 days 00:44:41.426000,0 days 00:45:08.395000,321.0,337.0,311.0,346.0,True,MEDIUM,2.0,True,Williams,0 days 00:43:47.123000,2023-09-02 14:28:47.234,1,,False,,False,True,81.272,5,3,1,0.3333333333333333,0.4782608695652174,2708.395,0.5120000000000005,0.9780000000000086,95.3175
0 days 00:46:55.765000,ALB,23,0 days 00:01:47.370000,12.0,3.0,,0 days 00:46:51.906000,0 days 00:00:32.083000,0 days 00:00:35.489000,0 days 00:00:39.798000,0 days 00:45:40.478000,0 days 00:46:15.967000,0 days 00:46:55.765000,262.0,281.0,,288.0,False,MEDIUM,3.0,True,Williams,0 days 00:45:08.395000,2023-09-02 14:30:08.506,1,,False,,False,False,107.37,5,3,1,0.3333333333333333,0.5217391304347826,2815.765,26.61,27.076000000000008,94.321
0 days 00:55:06.150000,ALB,23,0 days 00:01:21.416000,14.0,4.0,,,0 days 00:00:26.999000,0 days 00:00:27.449000,0 days 00:00:26.968000,0 days 00:54:11.733000,0 days 00:54:39.182000,0 days 00:55:06.150000,319.0,332.0,310.0,341.0,False,MEDIUM,2.0,True,Williams,0 days 00:53:44.734000,2023-09-02 14:38:44.845,1,,False,,False,True,81.416,5,3,1,0.5,0.6086956521739131,3306.15,0.6559999999999917,1.1219999999999999,94.393
0 days 00:56:55.338000,ALB,23,0 days 00:01:49.188000,15.0,4.0,,0 days 00:56:51.509000,0 days 00:00:32.612000,0 days 00:00:36.122000,0 days 00:00:40.454000,0 days 00:55:38.762000,0 days 00:56:14.884000,0 days 00:56:55.338000,275.0,261.0,,294.0,False,MEDIUM,3.0,True,Williams,0 days 00:55:06.150000,2023-09-02 14:40:06.261,1,,False,,False,False,109.188,5,3,1,0.5,0.6521739130434783,3415.338,28.427999999999997,28.894000000000005,95.30199999999999
0 days 01:08:06.109000,ALB,23,0 days 00:01:20.872000,17.0,5.0,,,0 days 00:00:26.697000,0 days 00:00:27.363000,0 days 00:00:26.812000,0 days 01:07:11.934000,0 days 01:07:39.297000,0 days 01:08:06.109000,322.0,337.0,313.0,346.0,True,SOFT,2.0,True,Williams,0 days 01:06:45.237000,2023-09-02 14:51:45.348,1,,False,,False,True,80.872,5,3,2,0.6666666666666666,0.7391304347826086,4086.109,0.11199999999999477,0.578000000000003,95.03
0 days 01:09:52.855000,ALB,23,0 days 00:01:46.746000,18.0,5.0,,0 days 01:09:48.985000,0 days 00:00:32.533000,0 days 00:00:34.745000,0 days 00:00:39.468000,0 days 01:08:38.642000,0 days 01:09:13.387000,0 days 01:09:52.855000,293.0,291.0,,293.0,False,SOFT,3.0,True,Williams,0 days 01:08:06.109000,2023-09-02 14:53:06.220,1,,False,,False,False,106.746,5,3,2,0.6666666666666666,0.782608695652174,4192.855,25.98599999999999,26.451999999999998,93.809
0 days 01:15:52.652000,ALB,23,0 days 00:01:20.760000,20.0,6.0,,,0 days 00:00:26.672000,0 days 00:00:27.364000,0 days 00:00:26.724000,0 days 01:14:58.564000,0 days 01:15:25.928000,0 days 01:15:52.652000,322.0,339.0,311.0,347.0,True,SOFT,2.0,True,Williams,0 days 01:14:31.892000,2023-09-02 14:59:32.003,1,,False,,False,True,80.76,5,3,2,0.8333333333333334,0.8695652173913043,4552.652,0.0,0.4660000000000082,93.753
0 days 00:19:18.193000,PIA,81,0 days 00:01:23.003000,2.0,1.0,,,0 days 00:00:27.581000,0 days 00:00:28.083000,0 days 00:00:27.339000,0 days 00:18:22.771000,0 days 00:18:50.854000,0 days 00:19:18.193000,318.0,330.0,308.0,332.0,True,HARD,2.0,True,McLaren,0 days 00:17:55.190000,2023-09-02 14:02:55.301,1,,False,,False,True,83.003,6,4,0,0.0,0.08695652173913043,1158.193,2.2180000000000035,2.709000000000003,83.003
0 days 00:21:05.027000,PIA,81,0 days 00:01:46.834000,3.0,1.0,,,0 days 00:00:36.460000,0 days 00:00:35.880000,0 days 00:00:34.494000,0 days 00:19:54.653000,0 days 00:20:30.533000,0 days 00:21:05.027000,261.0,281.0,311.0,138.0,False,HARD,3.0,True,McLaren,0 days 00:19:18.193000,2023-09-02 14:04:18.304,1,,False,,False,True,106.834,6,4,0,0.0,0.13043478260869565,1265.027,26.049000000000007,26.540000000000006,94.9185
0 days 00:22:28.014000,PIA,81,0 days 00:01:22.987000,4.0,1.0,,,0 days 00:00:27.508000,0 days 00:00:28.014000,0 days 00:00:27.465000,0 days 00:21:32.535000,0 days 00:22:00.549000,0 days 00:22:28.014000,318.0,330.0,310.0,335.0,True,HARD,4.0,True,McLaren,0 days 00:21:05.027000,2023-09-02 14:06:05.138,1,,False,,False,True,82.987,6,4,0,0.0,0.17391304347826086,1348.014,2.201999999999998,2.692999999999998,94.9105
0 days 00:24:20.313000,PIA,81,0 days 00:01:52.299000,5.0,1.0,,0 days 00:24:06.593000,0 days 00:00:32.309000,0 days 00:00:32.223000,0 days 00:00:47.767000,0 days 00:23:00.323000,0 days 00:23:32.546000,0 days 00:24:20.313000,285.0,285.0,,244.0,False,HARD,5.0,True,McLaren,0 days 00:22:28.014000,2023-09-02 14:07:28.125,1,,False,,False,False,112.299,6,4,0,0.0,0.21739130434782608,1460.313,31.51400000000001,32.00500000000001,97.643
0 days 00:30:28.975000,PIA,81,0 days 00:01:22.235000,7.0,2.0,,,0 days 00:00:27.481000,0 days 00:00:27.640000,0 days 00:00:27.114000,0 days 00:29:34.221000,0 days 00:30:01.861000,0 days 00:30:28.975000,318.0,330.0,308.0,333.0,False,HARD,2.0,True,McLaren,0 days 00:29:06.740000,2023-09-02 14:14:06.851,1,,True,TRACK LIMITS AT TURN 7 LAP 8 ,False,True,82.235,6,4,0,0.16666666666666666,0.30434782608695654,1828.975,1.4500000000000028,1.9410000000000025,97.267
0 days 00:32:17.936000,PIA,81,0 days 00:01:48.961000,8.0,2.0,,,0 days 00:00:39.302000,0 days 00:00:34.842000,0 days 00:00:34.817000,0 days 00:31:08.277000,0 days 00:31:43.119000,0 days 00:32:17.936000,281.0,269.0,312.0,137.0,False,HARD,3.0,True,McLaren,0 days 00:30:28.975000,2023-09-02 14:15:29.086,1,,False,,False,True,108.961,6,4,0,0.16666666666666666,0.34782608695652173,1937.936,28.176000000000002,28.667,95.598
0 days 00:33:40.042000,PIA,81,0 days 00:01:22.106000,9.0,2.0,,,0 days 00:00:27.187000,0 days 00:00:27.885000,0 days 00:00:27.034000,0 days 00:32:45.123000,0 days 00:33:13.008000,0 days 00:33:40.042000,321.0,336.0,309.0,343.0,True,HARD,4.0,True,McLaren,0 days 00:32:17.936000,2023-09-02 14:17:18.047,1,,False,,False,True,82.106,6,4,0,0.16666666666666666,0.391304347826087,2020.042,1.320999999999998,1.8119999999999976,95.5335
0 days 00:35:31.900000,PIA,81,0 days 00:01:51.858000,10.0,2.0,,0 days 00:35:28.055000,0 days 00:00:35.044000,0 days 00:00:35.844000,0 days 00:00:40.970000,0 days 00:34:15.086000,0 days 00:34:50.930000,0 days 00:35:31.900000,289.0,280.0,,208.0,False,HARD,5.0,True,McLaren,0 days 00:33:40.042000,2023-09-02 14:18:40.153,1,,False,,False,False,111.858,6,4,0,0.16666666666666666,0.43478260869565216,2131.9,31.073000000000008,31.564000000000007,96.982
0 days 00:45:11.536000,PIA,81,0 days 00:01:21.745000,12.0,3.0,,,0 days 00:00:27.225000,0 days 00:00:27.479000,0 days 00:00:27.041000,0 days 00:44:17.016000,0 days 00:44:44.495000,0 days 00:45:11.536000,320.0,332.0,310.0,339.0,True,MEDIUM,2.0,True,McLaren,0 days 00:43:49.791000,2023-09-02 14:28:49.902,1,,False,,False,True,81.745,6,4,1,0.3333333333333333,0.5217391304347826,2711.536,0.960000000000008,1.4510000000000076,96.8015
0 days 00:46:57.772000,PIA,81,0 days 00:01:46.236000,13.0,3.0,,,0 days 00:00:33.593000,0 days 00:00:37.889000,0 days 00:00:34.754000,0 days 00:45:45.129000,0 days 00:46:23.018000,0 days 00:46:57.772000,274.0,250.0,311.0,239.0,False,MEDIUM,3.0,True,McLaren,0 days 00:45:11.536000,2023-09-02 14:30:11.647,1,,False,,False,True,106.236,6,4,1,0.3333333333333333,0.5652173913043478,2817.772,25.451000000000008,25.942000000000007,93.9905
0 days 00:48:19.572000,PIA,81,0 days 00:01:21.800000,14.0,3.0,,,0 days 00:00:27.254000,0 days 00:00:27.563000,0 days 00:00:26.983000,0 days 00:47:25.026000,0 days 00:47:52.589000,0 days 00:48:19.572000,318.0,330.0,307.0,336.0,False,MEDIUM,4.0,True,McLaren,0 days 00:46:57.772000,2023-09-02 14:31:57.883,1,,False,,False,True,81.8,6,4,1,0.3333333333333333,0.6086956521739131,2899.572,1.0150000000000006,1.5060000000000002,94.018
0 days 00:49:57.885000,PIA,81,0 days 00:01:38.313000,15.0,3.0,,0 days 00:49:54.045000,0 days 00:00:30.922000,0 days 00:00:31.786000,0 days 00:00:35.605000,0 days 00:48:50.494000,0 days 00:49:22.280000,0 days 00:49:57.885000,290.0,297.0,,288.0,False,MEDIUM,5.0,True,McLaren,0 days 00:48:19.572000,2023-09-02 14:33:19.683,1,,False,,False,False,98.313,6,4,1,0.3333333333333333,0.6521739130434783,2997.885,17.528000000000006,18.019000000000005,90.0565
0 days 00:55:56.572000,PIA,81,0 days 00:01:21.527000,17.0,4.0,,,0 days 00:00:27.170000,0 days 00:00:27.484000,0 days 00:00:26.873000,0 days 00:55:02.215000,0 days 00:55:29.699000,0 days 00:55:56.572000,320.0,333.0,310.0,340.0,True,MEDIUM,2.0,True,McLaren,0 days 00:54:35.045000,2023-09-02 14:39:35.156,1,,False,,False,True,81.527,6,4,1,0.5,0.7391304347826086,3356.572,0.7420000000000044,1.233000000000004,89.92
0 days 00:57:44.116000,PIA,81,0 days 00:01:47.544000,18.0,4.0,,0 days 00:57:40.306000,0 days 00:00:32.633000,0 days 00:00:35.132000,0 days 00:00:39.779000,0 days 00:56:29.205000,0 days 00:57:04.337000,0 days 00:57:44.116000,275.0,259.0,,242.0,False,MEDIUM,3.0,True,McLaren,0 days 00:55:56.572000,2023-09-02 14:40:56.683,1,,False,,False,False,107.544,6,4,1,0.5,0.782608695652174,3464.116,26.759,27.25,94.5355
0 days 01:08:02.675000,PIA,81,0 days 00:01:21.120000,20.0,5.0,,,0 days 00:00:27.059000,0 days 00:00:27.275000,0 days 00:00:26.786000,0 days 01:07:08.614000,0 days 01:07:35.889000,0 days 01:08:02.675000,320.0,331.0,312.0,338.0,True,SOFT,2.0,True,McLaren,0 days 01:06:41.555000,2023-09-02 14:51:41.666,1,,False,,False,True,81.12,6,4,2,0.6666666666666666,0.8695652173913043,4082.675,0.33500000000000796,0.8260000000000076,94.332
0 days 01:09:51.302000,PIA,81,0 days 00:01:48.627000,21.0,5.0,,0 days 01:09:47.407000,0 days 00:00:33.014000,0 days 00:00:35.480000,0 days 00:00:40.133000,0 days 01:08:35.689000,0 days 01:09:11.169000,0 days 01:09:51.302000,269.0,271.0,,238.0,False,SOFT,3.0,True,McLaren,0 days 01:08:02.675000,2023-09-02 14:53:02.786,1,,False,,False,False,108.627,6,4,2,0.6666666666666666,0.9130434782608695,4191.302,27.842,28.333,94.8735
0 days 01:15:37.185000,PIA,81,0 days 00:01:20.785000,23.0,6.0,,,0 days 00:00:26.925000,0 days 00:00:27.179000,0 days 00:00:26.681000,0 days 01:14:43.325000,0 days 01:15:10.504000,0 days 01:15:37.185000,320.0,334.0,313.0,340.0,True,SOFT,2.0,True,McLaren,0 days 01:14:16.400000,2023-09-02 14:59:16.511,1,,False,,False,True,80.785,6,4,2,0.8333333333333334,1.0,4537.185,0.0,0.49099999999999966,94.70599999999999
0 days 00:19:52.009000,HAM,44,0 days 00:01:22.513000,2.0,1.0,,,0 days 00:00:27.435000,0 days 00:00:27.840000,0 days 00:00:27.238000,0 days 00:18:56.931000,0 days 00:19:24.771000,0 days 00:19:52.009000,319.0,329.0,308.0,335.0,True,HARD,2.0,True,Mercedes,0 days 00:18:29.496000,2023-09-02 14:03:29.607,1,,False,,False,True,82.513,7,2,0,0.0,0.08695652173913043,1192.009,1.693000000000012,2.2190000000000083,82.513
0 days 00:21:46.853000,HAM,44,0 days 00:01:54.844000,3.0,1.0,,0 days 00:21:39.861000,0 days 00:00:33.634000,0 days 00:00:36.481000,0 days 00:00:44.729000,0 days 00:20:25.643000,0 days 00:21:02.124000,0 days 00:21:46.853000,275.0,272.0,,200.0,False,HARD,3.0,True,Mercedes,0 days 00:19:52.009000,2023-09-02 14:04:52.120,1,,False,,False,False,114.844,7,2,0,0.0,0.13043478260869565,1306.853,34.024,34.55,98.6785
0 days 00:27:51.214000,HAM,44,0 days 00:01:22.233000,5.0,2.0,,,0 days 00:00:27.348000,0 days 00:00:27.712000,0 days 00:00:27.173000,0 days 00:26:56.329000,0 days 00:27:24.041000,0 days 00:27:51.214000,318.0,332.0,309.0,337.0,True,HARD,2.0,True,Mercedes,0 days 00:26:28.981000,2023-09-02 14:11:29.092,1,,False,,False,True,82.233,7,2,0,0.16666666666666666,0.21739130434782608,1671.214,1.413000000000011,1.9390000000000072,98.5385
0 days 00:29:44.227000,HAM,44,0 days 00:01:53.013000,6.0,2.0,,0 days 00:29:40.340000,0 days 00:00:35.289000,0 days 00:00:38.493000,0 days 00:00:39.231000,0 days 00:28:26.503000,0 days 00:29:04.996000,0 days 00:29:44.227000,255.0,256.0,,204.0,False,HARD,3.0,True,Mercedes,0 days 00:27:51.214000,2023-09-02 14:12:51.325,1,,False,,False,False,113.013,7,2,0,0.16666666666666666,0.2608695652173913,1784.227,32.19300000000001,32.71900000000001,97.623
0 days 00:33:53.795000,HAM,44,0 days 00:01:21.977000,8.0,3.0,,,0 days 00:00:27.281000,0 days 00:00:27.676000,0 days 00:00:27.020000,0 days 00:32:59.099000,0 days 00:33:26.775000,0 days 00:33:53.795000,318.0,334.0,309.0,340.0,True,HARD,5.0,False,Mercedes,0 days 00:32:31.818000,2023-09-02 14:17:31.929,1,,False,,False,True,81.977,7,2,0,0.3333333333333333,0.34782608695652173,2033.795,1.1570000000000107,1.683000000000007,97.495
0 days 00:35:44.563000,HAM,44,0 days 00:01:50.768000,9.0,3.0,,0 days 00:35:40.711000,0 days 00:00:35.106000,0 days 00:00:35.804000,0 days 00:00:39.858000,0 days 00:34:28.901000,0 days 00:35:04.705000,0 days 00:35:44.563000,255.0,268.0,,190.0,False,HARD,6.0,False,Mercedes,0 days 00:33:53.795000,2023-09-02 14:18:53.906,1,,False,,False,False,110.768,7,2,0,0.3333333333333333,0.391304347826087,2144.563,29.948000000000008,30.474000000000004,96.3725
0 days 00:48:06.282000,HAM,44,0 days 00:01:21.866000,11.0,4.0,,,0 days 00:00:27.298000,0 days 00:00:27.562000,0 days 00:00:27.006000,0 days 00:47:11.714000,0 days 00:47:39.276000,0 days 00:48:06.282000,318.0,332.0,310.0,337.0,True,MEDIUM,2.0,True,Mercedes,0 days 00:46:44.416000,2023-09-02 14:31:44.527,1,,False,,False,True,81.866,7,2,1,0.5,0.4782608695652174,2886.282,1.0460000000000065,1.5720000000000027,96.31700000000001
0 days 00:49:48.946000,HAM,44,0 days 00:01:42.664000,12.0,4.0,,0 days 00:49:45.061000,0 days 00:00:33.153000,0 days 00:00:33.361000,0 days 00:00:36.150000,0 days 00:48:39.435000,0 days 00:49:12.796000,0 days 00:49:48.946000,281.0,293.0,,213.0,False,MEDIUM,3.0,True,Mercedes,0 days 00:48:06.282000,2023-09-02 14:33:06.393,1,,False,,False,False,102.664,7,2,1,0.5,0.5217391304347826,2988.946,21.84400000000001,22.370000000000005,92.265
0 days 00:55:37.710000,HAM,44,0 days 00:01:21.369000,14.0,5.0,,,0 days 00:00:27.065000,0 days 00:00:27.386000,0 days 00:00:26.918000,0 days 00:54:43.406000,0 days 00:55:10.792000,0 days 00:55:37.710000,319.0,333.0,309.0,337.0,True,MEDIUM,2.0,True,Mercedes,0 days 00:54:16.341000,2023-09-02 14:39:16.452,1,,False,,False,True,81.369,7,2,1,0.6666666666666666,0.6086956521739131,3337.71,0.5490000000000066,1.0750000000000028,92.01650000000001
0 days 00:57:25.939000,HAM,44,0 days 00:01:48.229000,15.0,5.0,,0 days 00:57:22.118000,0 days 00:00:34.749000,0 days 00:00:34.394000,0 days 00:00:39.086000,0 days 00:56:12.459000,0 days 00:56:46.853000,0 days 00:57:25.939000,258.0,259.0,,185.0,False,MEDIUM,3.0,True,Mercedes,0 days 00:55:37.710000,2023-09-02 14:40:37.821,1,,False,,False,False,108.229,7,2,1,0.6666666666666666,0.6521739130434783,3445.939,27.409000000000006,27.935000000000002,94.799
0 days 01:08:24.890000,HAM,44,0 days 00:01:21.298000,17.0,6.0,,,0 days 00:00:27.035000,0 days 00:00:27.356000,0 days 00:00:26.907000,0 days 01:07:30.627000,0 days 01:07:57.983000,0 days 01:08:24.890000,319.0,332.0,311.0,337.0,True,SOFT,2.0,True,Mercedes,0 days 01:07:03.592000,2023-09-02 14:52:03.703,1,,False,,False,True,81.298,7,2,2,0.8333333333333334,0.7391304347826086,4104.89,0.47800000000000864,1.0040000000000049,94.7635
0 days 01:10:08.394000,HAM,44,0 days 00:01:43.504000,18.0,6.0,,0 days 01:10:04.360000,0 days 00:00:35.017000,0 days 00:00:32.422000,0 days 00:00:36.065000,0 days 01:08:59.907000,0 days 01:09:32.329000,0 days 01:10:08.394000,248.0,291.0,,210.0,False,SOFT,3.0,True,Mercedes,0 days 01:08:24.890000,2023-09-02 14:53:25.001,1,,False,,False,False,103.504,7,2,2,0.8333333333333334,0.782608695652174,4208.394,22.68400000000001,23.210000000000008,92.40100000000001
0 days 01:16:11.516000,HAM,44,0 days 00:01:20.820000,20.0,7.0,,,0 days 00:00:26.807000,0 days 00:00:27.201000,0 days 00:00:26.812000,0 days 01:15:17.503000,0 days 01:15:44.704000,0 days 01:16:11.516000,319.0,332.0,310.0,338.0,True,SOFT,2.0,True,Mercedes,0 days 01:14:50.696000,2023-09-02 14:59:50.807,1,,False,,False,True,80.82,7,2,2,1.0,0.8695652173913043,4571.516,0.0,0.5259999999999962,92.162
0 days 00:19:29.266000,NOR,4,0 days 00:01:22.496000,2.0,1.0,,,0 days 00:00:27.416000,0 days 00:00:27.925000,0 days 00:00:27.155000,0 days 00:18:34.186000,0 days 00:19:02.111000,0 days 00:19:29.266000,319.0,330.0,309.0,333.0,True,HARD,2.0,True,McLaren,0 days 00:18:06.770000,2023-09-02 14:03:06.881,1,,False,,False,True,82.496,8,4,0,0.0,0.08695652173913043,1169.266,1.516999999999996,2.201999999999998,82.496
0 days 00:21:16.950000,NOR,4,0 days 00:01:47.684000,3.0,1.0,,,0 days 00:00:37.541000,0 days 00:00:37.554000,0 days 00:00:32.589000,0 days 00:20:06.807000,0 days 00:20:44.361000,0 days 00:21:16.950000,199.0,270.0,308.0,179.0,False,HARD,3.0,True,McLaren,0 days 00:19:29.266000,2023-09-02 14:04:29.377,1,,False,,False,True,107.684,8,4,0,0.0,0.13043478260869565,1276.95,26.705,27.39,95.09
0 days 00:22:39.407000,NOR,4,0 days 00:01:22.457000,4.0,1.0,,,0 days 00:00:27.527000,0 days 00:00:27.807000,0 days 00:00:27.123000,0 days 00:21:44.477000,0 days 00:22:12.284000,0 days 00:22:39.407000,317.0,329.0,310.0,333.0,True,HARD,4.0,True,McLaren,0 days 00:21:16.950000,2023-09-02 14:06:17.061,1,,False,,False,True,82.457,8,4,0,0.0,0.17391304347826086,1359.407,1.4779999999999944,2.1629999999999967,95.0705
0 days 00:24:18.968000,NOR,4,0 days 00:01:39.561000,5.0,1.0,,0 days 00:24:15.125000,0 days 00:00:30.181000,0 days 00:00:31.960000,0 days 00:00:37.420000,0 days 00:23:09.588000,0 days 00:23:41.548000,0 days 00:24:18.968000,286.0,256.0,,278.0,False,HARD,5.0,True,McLaren,0 days 00:22:39.407000,2023-09-02 14:07:39.518,1,,False,,False,False,99.561,8,4,0,0.0,0.21739130434782608,1458.968,18.582000000000008,19.26700000000001,91.009
0 days 00:30:41.147000,NOR,4,0 days 00:01:21.995000,7.0,2.0,,,0 days 00:00:27.280000,0 days 00:00:27.718000,0 days 00:00:26.997000,0 days 00:29:46.432000,0 days 00:30:14.150000,0 days 00:30:41.147000,319.0,334.0,309.0,337.0,True,HARD,2.0,True,McLaren,0 days 00:29:19.152000,2023-09-02 14:14:19.263,1,,False,,False,True,81.995,8,4,0,0.16666666666666666,0.30434782608695654,1841.147,1.0160000000000053,1.7010000000000076,90.778
0 days 00:32:25.424000,NOR,4,0 days 00:01:44.277000,8.0,2.0,,,0 days 00:00:35.333000,0 days 00:00:35.620000,0 days 00:00:33.324000,0 days 00:31:16.480000,0 days 00:31:52.100000,0 days 00:32:25.424000,268.0,277.0,311.0,208.0,False,HARD,3.0,True,McLaren,0 days 00:30:41.147000,2023-09-02 14:15:41.258,1,,False,,False,True,104.277,8,4,0,0.16666666666666666,0.34782608695652173,1945.424,23.298000000000002,23.983000000000004,93.136
0 days 00:33:59.409000,NOR,4,0 days 00:01:33.985000,9.0,2.0,,0 days 00:33:55.540000,0 days 00:00:27.302000,0 days 00:00:27.813000,0 days 00:00:38.870000,0 days 00:32:52.726000,0 days 00:33:20.539000,0 days 00:33:59.409000,319.0,336.0,,343.0,False,HARD,4.0,True,McLaren,0 days 00:32:25.424000,2023-09-02 14:17:25.535,1,,False,,False,False,93.985,8,4,0,0.16666666666666666,0.391304347826087,2039.409,13.006,13.691000000000003,99.131
0 days 00:45:01.043000,NOR,4,0 days 00:01:21.581000,11.0,3.0,,,0 days 00:00:27.128000,0 days 00:00:27.461000,0 days 00:00:26.992000,0 days 00:44:06.590000,0 days 00:44:34.051000,0 days 00:45:01.043000,319.0,333.0,309.0,340.0,True,MEDIUM,2.0,True,McLaren,0 days 00:43:39.462000,2023-09-02 14:28:39.573,1,,False,,False,True,81.581,8,4,1,0.3333333333333333,0.4782608695652174,2701.043,0.6020000000000039,1.2870000000000061,87.783
0 days 00:46:47.453000,NOR,4,0 days 00:01:46.410000,12.0,3.0,,,0 days 00:00:36.277000,0 days 00:00:38.095000,0 days 00:00:32.038000,0 days 00:45:37.320000,0 days 00:46:15.415000,0 days 00:46:47.453000,213.0,260.0,310.0,240.0,False,MEDIUM,3.0,True,McLaren,0 days 00:45:01.043000,2023-09-02 14:30:01.154,1,,False,,False,True,106.41,8,4,1,0.3333333333333333,0.5217391304347826,2807.453,25.430999999999997,26.116,93.99549999999999
0 days 00:48:09.364000,NOR,4,0 days 00:01:21.911000,13.0,3.0,,,0 days 00:00:27.315000,0 days 00:00:27.544000,0 days 00:00:27.052000,0 days 00:47:14.768000,0 days 00:47:42.312000,0 days 00:48:09.364000,319.0,332.0,309.0,339.0,False,MEDIUM,4.0,True,McLaren,0 days 00:46:47.453000,2023-09-02 14:31:47.564,1,,False,,False,True,81.911,8,4,1,0.3333333333333333,0.5652173913043478,2889.364,0.9320000000000022,1.6170000000000044,94.1605
0 days 00:49:49.933000,NOR,4,0 days 00:01:40.569000,14.0,3.0,,0 days 00:49:46.030000,0 days 00:00:30.856000,0 days 00:00:32.924000,0 days 00:00:36.789000,0 days 00:48:40.220000,0 days 00:49:13.144000,0 days 00:49:49.933000,255.0,265.0,,270.0,False,MEDIUM,5.0,True,McLaren,0 days 00:48:09.364000,2023-09-02 14:33:09.475,1,,False,,False,False,100.569,8,4,1,0.3333333333333333,0.6086956521739131,2989.933,19.590000000000003,20.275000000000006,91.24000000000001
0 days 00:56:05.764000,NOR,4,0 days 00:01:21.717000,16.0,4.0,,,0 days 00:00:27.117000,0 days 00:00:27.608000,0 days 00:00:26.992000,0 days 00:55:11.164000,0 days 00:55:38.772000,0 days 00:56:05.764000,322.0,339.0,312.0,346.0,False,MEDIUM,2.0,True,McLaren,0 days 00:54:44.047000,2023-09-02 14:39:44.158,1,,False,,False,True,81.717,8,4,1,0.5,0.6956521739130435,3365.764,0.7379999999999995,1.4230000000000018,91.143
0 days 00:57:52.538000,NOR,4,0 days 00:01:46.774000,17.0,4.0,,0 days 00:57:48.680000,0 days 00:00:34.485000,0 days 00:00:33.689000,0 days 00:00:38.600000,0 days 00:56:40.249000,0 days 00:57:13.938000,0 days 00:57:52.538000,262.0,255.0,,199.0,False,MEDIUM,3.0,True,McLaren,0 days 00:56:05.764000,2023-09-02 14:41:05.875,1,,False,,False,False,106.774,8,4,1,0.5,0.7391304347826086,3472.538,25.795,26.480000000000004,94.24549999999999
0 days 01:07:37.799000,NOR,4,0 days 00:01:20.979000,19.0,5.0,,,0 days 00:00:26.946000,0 days 00:00:27.270000,0 days 00:00:26.763000,0 days 01:06:43.766000,0 days 01:07:11.036000,0 days 01:07:37.799000,319.0,334.0,312.0,339.0,True,SOFT,2.0,True,McLaren,0 days 01:06:16.820000,2023-09-02 14:51:16.931,1,,False,,False,True,80.979,8,4,2,0.6666666666666666,0.8260869565217391,4057.799,0.0,0.6850000000000023,93.8765
0 days 01:09:19.555000,NOR,4,0 days 00:01:41.756000,20.0,5.0,,0 days 01:09:15.657000,0 days 00:00:31.701000,0 days 00:00:32.963000,0 days 00:00:37.092000,0 days 01:08:09.500000,0 days 01:08:42.463000,0 days 01:09:19.555000,249.0,265.0,,258.0,False,SOFT,3.0,True,McLaren,0 days 01:07:37.799000,2023-09-02 14:52:37.910,1,,False,,False,False,101.756,8,4,2,0.6666666666666666,0.8695652173913043,4159.555,20.777,21.462000000000003,91.3675
0 days 01:15:33.774000,NOR,4,0 days 00:01:21.028000,22.0,6.0,,,0 days 00:00:26.900000,0 days 00:00:27.379000,0 days 00:00:26.749000,0 days 01:14:39.646000,0 days 01:15:07.025000,0 days 01:15:33.774000,319.0,332.0,311.0,341.0,False,SOFT,2.0,True,McLaren,0 days 01:14:12.746000,2023-09-02 14:59:12.857,1,,False,,False,True,81.028,8,4,2,0.8333333333333334,0.9565217391304348,4533.774,0.049000000000006594,0.7340000000000089,91.392
0 days 00:22:01.420000,ALO,14,0 days 00:01:22.480000,2.0,1.0,,,0 days 00:00:27.318000,0 days 00:00:27.954000,0 days 00:00:27.208000,0 days 00:21:06.258000,0 days 00:21:34.212000,0 days 00:22:01.420000,319.0,336.0,309.0,339.0,False,HARD,2.0,True,Aston Martin,0 days 00:20:38.940000,2023-09-02 14:05:39.051,1,,True,TRACK LIMITS AT TURN 7 LAP 3 ,False,True,82.48,9,5,0,0.0,0.08695652173913043,1321.42,1.0630000000000024,2.186000000000007,82.48
0 days 00:23:52.334000,ALO,14,0 days 00:01:50.914000,3.0,1.0,,,0 days 00:00:42.480000,0 days 00:00:37.115000,0 days 00:00:31.319000,0 days 00:22:43.900000,0 days 00:23:21.015000,0 days 00:23:52.334000,266.0,307.0,313.0,96.0,True,HARD,3.0,True,Aston Martin,0 days 00:22:01.420000,2023-09-02 14:07:01.531,1,,False,,False,True,110.914,9,5,0,0.0,0.13043478260869565,1432.334,29.497,30.620000000000005,96.697
0 days 00:25:14.377000,ALO,14,0 days 00:01:22.043000,4.0,1.0,,,0 days 00:00:27.132000,0 days 00:00:27.763000,0 days 00:00:27.148000,0 days 00:24:19.466000,0 days 00:24:47.229000,0 days 00:25:14.377000,321.0,336.0,310.0,340.0,True,HARD,4.0,True,Aston Martin,0 days 00:23:52.334000,2023-09-02 14:08:52.445,1,,False,,False,True,82.043,9,5,0,0.0,0.17391304347826086,1514.377,0.6260000000000048,1.7490000000000094,96.4785
0 days 00:27:07.912000,ALO,14,0 days 00:01:53.535000,5.0,1.0,,0 days 00:27:04.076000,0 days 00:00:33.855000,0 days 00:00:35.649000,0 days 00:00:44.031000,0 days 00:25:48.232000,0 days 00:26:23.881000,0 days 00:27:07.912000,268.0,252.0,,223.0,False,HARD,5.0,True,Aston Martin,0 days 00:25:14.377000,2023-09-02 14:10:14.488,1,,False,,False,False,113.535,9,5,0,0.0,0.21739130434782608,1627.912,32.117999999999995,33.241,97.789
0 days 00:34:04.263000,ALO,14,0 days 00:01:30.110000,7.0,2.0,,,0 days 00:00:26.974000,0 days 00:00:27.800000,0 days 00:00:35.336000,0 days 00:33:01.127000,0 days 00:33:28.927000,0 days 00:34:04.263000,322.0,338.0,253.0,346.0,False,HARD,2.0,True,Aston Martin,0 days 00:32:34.153000,2023-09-02 14:17:34.264,1,,False,,False,True,90.11,9,5,0,0.16666666666666666,0.30434782608695654,2044.263,8.692999999999998,9.816000000000003,101.82249999999999
0 days 00:36:00.568000,ALO,14,0 days 00:01:56.305000,8.0,2.0,,0 days 00:35:56.664000,0 days 00:00:36.877000,0 days 00:00:36.337000,0 days 00:00:43.091000,0 days 00:34:41.140000,0 days 00:35:17.477000,0 days 00:36:00.568000,240.0,265.0,,202.0,False,HARD,3.0,True,Aston Martin,0 days 00:34:04.263000,2023-09-02 14:19:04.374,1,,False,,False,False,116.305,9,5,0,0.16666666666666666,0.34782608695652173,2160.568,34.888000000000005,36.01100000000001,103.20750000000001
0 days 00:45:14.405000,ALO,14,0 days 00:01:21.543000,10.0,3.0,,,0 days 00:00:26.984000,0 days 00:00:27.527000,0 days 00:00:27.032000,0 days 00:44:19.846000,0 days 00:44:47.373000,0 days 00:45:14.405000,320.0,338.0,309.0,344.0,True,MEDIUM,2.0,True,Aston Martin,0 days 00:43:52.862000,2023-09-02 14:28:52.973,1,,False,,False,True,81.543,9,5,1,0.3333333333333333,0.43478260869565216,2714.405,0.12600000000000477,1.2490000000000094,98.924
0 days 00:47:03.859000,ALO,14,0 days 00:01:49.454000,11.0,3.0,,0 days 00:46:59.985000,0 days 00:00:33.291000,0 days 00:00:35.255000,0 days 00:00:40.908000,0 days 00:45:47.696000,0 days 00:46:22.951000,0 days 00:47:03.859000,242.0,295.0,,210.0,False,MEDIUM,3.0,True,Aston Martin,0 days 00:45:14.405000,2023-09-02 14:30:14.516,1,,False,,False,False,109.454,9,5,1,0.3333333333333333,0.4782608695652174,2823.859,28.036999999999992,29.159999999999997,95.4985
0 days 00:56:07.866000,ALO,14,0 days 00:01:42.479000,13.0,4.0,,0 days 00:56:03.947000,0 days 00:00:26.966000,0 days 00:00:29.499000,0 days 00:00:46.014000,0 days 00:54:52.353000,0 days 00:55:21.852000,0 days 00:56:07.866000,322.0,134.0,,344.0,False,MEDIUM,2.0,True,Aston Martin,0 days 00:54:25.387000,2023-09-02 14:39:25.498,1,,False,,False,False,102.479,9,5,1,0.5,0.5652173913043478,3367.866,21.061999999999998,22.185000000000002,105.9665
0 days 01:07:41.876000,ALO,14,0 days 00:01:21.417000,15.0,5.0,,,0 days 00:00:26.910000,0 days 00:00:27.590000,0 days 00:00:26.917000,0 days 01:06:47.369000,0 days 01:07:14.959000,0 days 01:07:41.876000,319.0,335.0,311.0,344.0,True,SOFT,2.0,True,Aston Martin,0 days 01:06:20.459000,2023-09-02 14:51:20.570,1,,False,,False,True,81.417,9,5,2,0.6666666666666666,0.6521739130434783,4061.876,0.0,1.1230000000000047,91.94800000000001
0 days 01:09:30.658000,ALO,14,0 days 00:01:48.782000,16.0,5.0,,0 days 01:09:26.798000,0 days 00:00:32.184000,0 days 00:00:34.197000,0 days 00:00:42.401000,0 days 01:08:14.060000,0 days 01:08:48.257000,0 days 01:09:30.658000,253.0,198.0,,236.0,False,SOFT,3.0,True,Aston Martin,0 days 01:07:41.876000,2023-09-02 14:52:41.987,1,,False,,False,False,108.782,9,5,2,0.6666666666666666,0.6956521739130435,4170.658,27.364999999999995,28.488,95.0995
0 days 01:15:03.862000,ALO,14,0 days 00:01:21.569000,18.0,6.0,,,0 days 00:00:27.124000,0 days 00:00:27.545000,0 days 00:00:26.900000,0 days 01:14:09.417000,0 days 01:14:36.962000,0 days 01:15:03.862000,317.0,332.0,308.0,338.0,False,SOFT,2.0,True,Aston Martin,0 days 01:13:42.293000,2023-09-02 14:58:42.404,1,,False,,False,True,81.569,9,5,2,0.8333333333333334,0.782608695652174,4503.862,0.15200000000000102,1.2750000000000057,95.1755
0 days 00:19:02.660000,TSU,22,0 days 00:01:23.234000,2.0,1.0,,,0 days 00:00:27.496000,0 days 00:00:28.191000,0 days 00:00:27.547000,0 days 00:18:06.922000,0 days 00:18:35.113000,0 days 00:19:02.660000,318.0,332.0,309.0,334.0,True,HARD,10.0,False,AlphaTauri,0 days 00:17:39.426000,2023-09-02 14:02:39.537,1,,False,,False,True,83.234,10,6,0,0.0,0.08695652173913043,1142.66,1.6400000000000006,2.9399999999999977,83.234
0 days 00:20:42.135000,TSU,22,0 days 00:01:39.475000,3.0,1.0,,0 days 00:20:38.315000,0 days 00:00:30.313000,0 days 00:00:32.811000,0 days 00:00:36.351000,0 days 00:19:32.973000,0 days 00:20:05.784000,0 days 00:20:42.135000,293.0,300.0,,297.0,False,HARD,11.0,False,AlphaTauri,0 days 00:19:02.660000,2023-09-02 14:04:02.771,1,,False,,False,False,99.475,10,6,0,0.0,0.13043478260869565,1242.135,17.881,19.180999999999997,91.3545
0 days 00:25:54.051000,TSU,22,0 days 00:01:22.130000,5.0,2.0,,,0 days 00:00:27.032000,0 days 00:00:27.828000,0 days 00:00:27.270000,0 days 00:24:58.953000,0 days 00:25:26.781000,0 days 00:25:54.051000,319.0,334.0,311.0,341.0,True,HARD,2.0,True,AlphaTauri,0 days 00:24:31.921000,2023-09-02 14:09:32.032,1,,False,,False,True,82.13,10,6,0,0.16666666666666666,0.21739130434782608,1554.051,0.5360000000000014,1.8359999999999985,90.8025
0 days 00:27:31.742000,TSU,22,0 days 00:01:37.691000,6.0,2.0,,0 days 00:27:27.966000,0 days 00:00:30.281000,0 days 00:00:30.978000,0 days 00:00:36.432000,0 days 00:26:24.332000,0 days 00:26:55.310000,0 days 00:27:31.742000,292.0,300.0,,279.0,False,HARD,3.0,True,AlphaTauri,0 days 00:25:54.051000,2023-09-02 14:10:54.162,1,,False,,False,False,97.691,10,6,0,0.16666666666666666,0.2608695652173913,1651.742,16.09700000000001,17.397000000000006,89.9105
0 days 00:33:59.858000,TSU,22,0 days 00:01:21.852000,8.0,3.0,,,0 days 00:00:27.064000,0 days 00:00:27.612000,0 days 00:00:27.176000,0 days 00:33:05.070000,0 days 00:33:32.682000,0 days 00:33:59.858000,320.0,339.0,304.0,346.0,True,HARD,2.0,True,AlphaTauri,0 days 00:32:38.006000,2023-09-02 14:17:38.117,1,,False,,False,True,81.852,10,6,0,0.3333333333333333,0.34782608695652173,2039.858,0.2580000000000098,1.558000000000007,89.7715
0 days 00:35:46.390000,TSU,22,0 days 00:01:46.532000,9.0,3.0,,0 days 00:35:42.586000,0 days 00:00:30.525000,0 days 00:00:34.594000,0 days 00:00:41.413000,0 days 00:34:30.383000,0 days 00:35:04.977000,0 days 00:35:46.390000,287.0,293.0,,294.0,False,HARD,3.0,True,AlphaTauri,0 days 00:33:59.858000,2023-09-02 14:18:59.969,1,,False,,False,False,106.532,10,6,0,0.3333333333333333,0.391304347826087,2146.39,24.938000000000002,26.238,94.19200000000001
0 days 00:45:05.430000,TSU,22,0 days 00:01:21.768000,11.0,4.0,,,0 days 00:00:27.173000,0 days 00:00:27.480000,0 days 00:00:27.115000,0 days 00:44:10.835000,0 days 00:44:38.315000,0 days 00:45:05.430000,320.0,335.0,311.0,344.0,True,MEDIUM,2.0,True,AlphaTauri,0 days 00:43:43.662000,2023-09-02 14:28:43.773,1,,False,,False,True,81.768,10,6,1,0.5,0.4782608695652174,2705.43,0.1740000000000066,1.4740000000000038,94.15
0 days 00:47:03.054000,TSU,22,0 days 00:01:57.624000,12.0,4.0,,0 days 00:46:49.860000,0 days 00:00:31.531000,0 days 00:00:37.526000,0 days 00:00:48.567000,0 days 00:45:36.961000,0 days 00:46:14.487000,0 days 00:47:03.054000,285.0,290.0,,278.0,False,MEDIUM,3.0,True,AlphaTauri,0 days 00:45:05.430000,2023-09-02 14:30:05.541,1,,False,,False,False,117.624,10,6,1,0.5,0.5217391304347826,2823.054,36.03,37.33,99.696
0 days 00:55:13.289000,TSU,22,0 days 00:01:21.594000,14.0,5.0,,,0 days 00:00:27.054000,0 days 00:00:27.462000,0 days 00:00:27.078000,0 days 00:54:18.749000,0 days 00:54:46.211000,0 days 00:55:13.289000,320.0,337.0,312.0,344.0,True,MEDIUM,2.0,True,AlphaTauri,0 days 00:53:51.695000,2023-09-02 14:38:51.806,1,,False,,False,True,81.594,10,6,1,0.6666666666666666,0.6086956521739131,3313.289,0.0,1.2999999999999972,99.609
0 days 00:57:01.763000,TSU,22,0 days 00:01:48.474000,15.0,5.0,,0 days 00:56:57.915000,0 days 00:00:31.797000,0 days 00:00:36.549000,0 days 00:00:40.128000,0 days 00:55:45.086000,0 days 00:56:21.635000,0 days 00:57:01.763000,291.0,288.0,,269.0,False,MEDIUM,3.0,True,AlphaTauri,0 days 00:55:13.289000,2023-09-02 14:40:13.400,1,,False,,False,False,108.474,10,6,1,0.6666666666666666,0.6521739130434783,3421.763,26.88000000000001,28.180000000000007,95.03399999999999
0 days 00:19:07.089000,LAW,40,0 days 00:01:23.901000,2.0,1.0,,,0 days 00:00:27.632000,0 days 00:00:28.608000,0 days 00:00:27.661000,0 days 00:18:10.820000,0 days 00:18:39.428000,0 days 00:19:07.089000,318.0,333.0,310.0,337.0,True,HARD,10.0,False,AlphaTauri,0 days 00:17:43.188000,2023-09-02 14:02:43.299,1,,False,,False,True,83.901,11,6,0,0.0,0.08695652173913043,1147.089,2.1430000000000007,3.6069999999999993,83.901
0 days 00:21:01.456000,LAW,40,0 days 00:01:54.367000,3.0,1.0,,0 days 00:20:45.408000,0 days 00:00:30.002000,0 days 00:00:34.178000,0 days 00:00:50.187000,0 days 00:19:37.091000,0 days 00:20:11.269000,0 days 00:21:01.456000,295.0,300.0,,310.0,False,HARD,11.0,False,AlphaTauri,0 days 00:19:07.089000,2023-09-02 14:04:07.200,1,,False,,False,False,114.367,11,6,0,0.0,0.13043478260869565,1261.456,32.60900000000001,34.07300000000001,99.134
0 days 00:25:57.772000,LAW,40,0 days 00:01:22.224000,5.0,2.0,,,0 days 00:00:27.136000,0 days 00:00:27.799000,0 days 00:00:27.289000,0 days 00:25:02.684000,0 days 00:25:30.483000,0 days 00:25:57.772000,321.0,336.0,312.0,344.0,True,HARD,2.0,True,AlphaTauri,0 days 00:24:35.548000,2023-09-02 14:09:35.659,1,,False,,False,True,82.224,11,6,0,0.16666666666666666,0.21739130434782608,1557.772,0.4660000000000082,1.9300000000000068,98.2955
0 days 00:27:36.217000,LAW,40,0 days 00:01:38.445000,6.0,2.0,,0 days 00:27:32.935000,0 days 00:00:29.723000,0 days 00:00:32.206000,0 days 00:00:36.516000,0 days 00:26:27.495000,0 days 00:26:59.701000,0 days 00:27:36.217000,295.0,298.0,,310.0,False,HARD,3.0,True,AlphaTauri,0 days 00:25:57.772000,2023-09-02 14:10:57.883,1,,False,,False,False,98.445,11,6,0,0.16666666666666666,0.2608695652173913,1656.217,16.686999999999998,18.150999999999996,90.33449999999999
0 days 00:33:49.864000,LAW,40,0 days 00:01:22.112000,8.0,3.0,,,0 days 00:00:27.007000,0 days 00:00:27.844000,0 days 00:00:27.261000,0 days 00:32:54.759000,0 days 00:33:22.603000,0 days 00:33:49.864000,322.0,341.0,311.0,350.0,True,HARD,2.0,True,AlphaTauri,0 days 00:32:27.752000,2023-09-02 14:17:27.863,1,,False,,False,True,82.112,11,6,0,0.3333333333333333,0.34782608695652173,2029.864,0.3539999999999992,1.8179999999999978,90.2785
0 days 00:35:41.315000,LAW,40,0 days 00:01:51.451000,9.0,3.0,,0 days 00:35:37.476000,0 days 00:00:34.623000,0 days 00:00:35.638000,0 days 00:00:41.190000,0 days 00:34:24.487000,0 days 00:35:00.125000,0 days 00:35:41.315000,286.0,297.0,,204.0,False,HARD,3.0,True,AlphaTauri,0 days 00:33:49.864000,2023-09-02 14:18:49.975,1,,False,,False,False,111.451,11,6,0,0.3333333333333333,0.391304347826087,2141.315,29.692999999999998,31.156999999999996,96.7815
0 days 00:45:17.985000,LAW,40,0 days 00:01:21.915000,11.0,4.0,,,0 days 00:00:26.965000,0 days 00:00:27.685000,0 days 00:00:27.265000,0 days 00:44:23.035000,0 days 00:44:50.720000,0 days 00:45:17.985000,320.0,337.0,311.0,346.0,True,MEDIUM,2.0,True,AlphaTauri,0 days 00:43:56.070000,2023-09-02 14:28:56.181,1,,False,,False,True,81.915,11,6,1,0.5,0.4782608695652174,2717.985,0.1570000000000107,1.6210000000000093,96.68299999999999
0 days 00:47:05.401000,LAW,40,0 days 00:01:47.416000,12.0,4.0,,0 days 00:47:01.531000,0 days 00:00:32.926000,0 days 00:00:35.696000,0 days 00:00:38.794000,0 days 00:45:50.911000,0 days 00:46:26.607000,0 days 00:47:05.401000,283.0,297.0,,280.0,False,MEDIUM,3.0,True,AlphaTauri,0 days 00:45:17.985000,2023-09-02 14:30:18.096,1,,False,,False,False,107.416,11,6,1,0.5,0.5217391304347826,2825.401,25.658,27.122,94.66550000000001
0 days 00:55:50.145000,LAW,40,0 days 00:01:21.758000,14.0,5.0,,,0 days 00:00:27.029000,0 days 00:00:27.657000,0 days 00:00:27.072000,0 days 00:54:55.416000,0 days 00:55:23.073000,0 days 00:55:50.145000,321.0,336.0,310.0,347.0,True,MEDIUM,2.0,True,AlphaTauri,0 days 00:54:28.387000,2023-09-02 14:39:28.498,1,,False,,False,True,81.758,11,6,1,0.6666666666666666,0.6086956521739131,3350.145,0.0,1.4639999999999986,94.58699999999999
0 days 00:57:42.167000,LAW,40,0 days 00:01:52.022000,15.0,5.0,,0 days 00:57:38.321000,0 days 00:00:35.164000,0 days 00:00:35.993000,0 days 00:00:40.865000,0 days 00:56:25.309000,0 days 00:57:01.302000,0 days 00:57:42.167000,280.0,233.0,,240.0,False,MEDIUM,3.0,True,AlphaTauri,0 days 00:55:50.145000,2023-09-02 14:40:50.256,1,,False,,False,False,112.022,11,6,1,0.6666666666666666,0.6521739130434783,3462.167,30.26400000000001,31.72800000000001,96.89
0 days 00:19:10.220000,HUL,27,0 days 00:01:23.284000,2.0,1.0,,,0 days 00:00:27.650000,0 days 00:00:28.247000,0 days 00:00:27.387000,0 days 00:18:14.586000,0 days 00:18:42.833000,0 days 00:19:10.220000,320.0,333.0,308.0,338.0,True,HARD,2.0,True,Haas F1 Team,0 days 00:17:46.936000,2023-09-02 14:02:47.047,1,,False,,False,True,83.284,12,7,0,0.0,0.08695652173913043,1150.22,1.5080000000000098,2.990000000000009,83.284
0 days 00:20:51.485000,HUL,27,0 days 00:01:41.265000,3.0,1.0,,,0 days 00:00:32.607000,0 days 00:00:34.136000,0 days 00:00:34.522000,0 days 00:19:42.827000,0 days 00:20:16.963000,0 days 00:20:51.485000,278.0,256.0,310.0,212.0,False,HARD,3.0,True,Haas F1 Team,0 days 00:19:10.220000,2023-09-02 14:04:10.331,1,,False,,False,True,101.265,12,7,0,0.0,0.13043478260869565,1251.485,19.489000000000004,20.971000000000004,92.2745
0 days 00:22:14.473000,HUL,27,0 days 00:01:22.988000,4.0,1.0,,,0 days 00:00:27.572000,0 days 00:00:28.087000,0 days 00:00:27.329000,0 days 00:21:19.057000,0 days 00:21:47.144000,0 days 00:22:14.473000,318.0,332.0,311.0,337.0,True,HARD,4.0,True,Haas F1 Team,0 days 00:20:51.485000,2023-09-02 14:05:51.596,1,,False,,False,True,82.988,12,7,0,0.0,0.17391304347826086,1334.473,1.2120000000000033,2.6940000000000026,92.1265
0 days 00:23:50.614000,HUL,27,0 days 00:01:36.141000,5.0,1.0,,0 days 00:23:46.703000,0 days 00:00:29.709000,0 days 00:00:31.335000,0 days 00:00:35.097000,0 days 00:22:44.182000,0 days 00:23:15.517000,0 days 00:23:50.614000,290.0,304.0,,308.0,False,HARD,5.0,True,Haas F1 Team,0 days 00:22:14.473000,2023-09-02 14:07:14.584,1,,False,,False,False,96.141,12,7,0,0.0,0.21739130434782608,1430.614,14.365000000000009,15.847000000000008,89.56450000000001
0 days 00:30:09.247000,HUL,27,0 days 00:01:22.377000,7.0,2.0,,,0 days 00:00:27.539000,0 days 00:00:27.726000,0 days 00:00:27.112000,0 days 00:29:14.409000,0 days 00:29:42.135000,0 days 00:30:09.247000,317.0,330.0,308.0,336.0,True,HARD,2.0,True,Haas F1 Team,0 days 00:28:46.870000,2023-09-02 14:13:46.981,1,,False,,False,True,82.377,12,7,0,0.16666666666666666,0.30434782608695654,1809.247,0.6009999999999991,2.0829999999999984,89.259
0 days 00:31:55.375000,HUL,27,0 days 00:01:46.128000,8.0,2.0,,,0 days 00:00:36.334000,0 days 00:00:35.647000,0 days 00:00:34.147000,0 days 00:30:45.581000,0 days 00:31:21.228000,0 days 00:31:55.375000,210.0,226.0,308.0,190.0,False,HARD,3.0,True,Haas F1 Team,0 days 00:30:09.247000,2023-09-02 14:15:09.358,1,,False,,False,True,106.128,12,7,0,0.16666666666666666,0.34782608695652173,1915.375,24.352000000000004,25.834000000000003,94.2525
0 days 00:33:17.718000,HUL,27,0 days 00:01:22.343000,9.0,2.0,,,0 days 00:00:27.423000,0 days 00:00:27.832000,0 days 00:00:27.088000,0 days 00:32:22.798000,0 days 00:32:50.630000,0 days 00:33:17.718000,316.0,331.0,304.0,336.0,True,HARD,4.0,True,Haas F1 Team,0 days 00:31:55.375000,2023-09-02 14:16:55.486,1,,False,,False,True,82.343,12,7,0,0.16666666666666666,0.391304347826087,1997.718,0.5670000000000073,2.0490000000000066,94.2355
0 days 00:34:58.651000,HUL,27,0 days 00:01:40.933000,10.0,2.0,,0 days 00:34:54.758000,0 days 00:00:31.212000,0 days 00:00:32.890000,0 days 00:00:36.831000,0 days 00:33:48.930000,0 days 00:34:21.820000,0 days 00:34:58.651000,285.0,299.0,,278.0,False,HARD,5.0,True,Haas F1 Team,0 days 00:33:17.718000,2023-09-02 14:18:17.829,1,,False,,False,False,100.933,12,7,0,0.16666666666666666,0.43478260869565216,2098.651,19.15700000000001,20.63900000000001,91.638
0 days 00:45:25.361000,HUL,27,0 days 00:01:21.776000,12.0,3.0,,,0 days 00:00:27.154000,0 days 00:00:27.621000,0 days 00:00:27.001000,0 days 00:44:30.739000,0 days 00:44:58.360000,0 days 00:45:25.361000,319.0,334.0,310.0,340.0,True,MEDIUM,2.0,True,Haas F1 Team,0 days 00:44:03.585000,2023-09-02 14:29:03.696,1,,False,,False,True,81.776,12,7,1,0.3333333333333333,0.5217391304347826,2725.361,0.0,1.4819999999999993,91.3545
0 days 00:47:05.957000,HUL,27,0 days 00:01:40.596000,13.0,3.0,,0 days 00:47:02.063000,0 days 00:00:30.462000,0 days 00:00:31.787000,0 days 00:00:38.347000,0 days 00:45:55.823000,0 days 00:46:27.610000,0 days 00:47:05.957000,283.0,302.0,,297.0,False,MEDIUM,3.0,True,Haas F1 Team,0 days 00:45:25.361000,2023-09-02 14:30:25.472,1,,False,,False,False,100.596,12,7,1,0.3333333333333333,0.5652173913043478,2825.957,18.820000000000007,20.302000000000007,91.186
0 days 00:55:53.532000,HUL,27,0 days 00:01:21.838000,15.0,4.0,,,0 days 00:00:27.333000,0 days 00:00:27.550000,0 days 00:00:26.955000,0 days 00:54:59.027000,0 days 00:55:26.577000,0 days 00:55:53.532000,320.0,335.0,310.0,341.0,False,MEDIUM,2.0,True,Haas F1 Team,0 days 00:54:31.694000,2023-09-02 14:39:31.805,1,,False,,False,True,81.838,12,7,1,0.5,0.6521739130434783,3353.532,0.06199999999999761,1.543999999999997,91.217
0 days 00:57:32.980000,HUL,27,0 days 00:01:39.448000,16.0,4.0,,0 days 00:57:29.134000,0 days 00:00:30.512000,0 days 00:00:31.511000,0 days 00:00:37.425000,0 days 00:56:24.044000,0 days 00:56:55.555000,0 days 00:57:32.980000,288.0,299.0,,296.0,False,MEDIUM,3.0,True,Haas F1 Team,0 days 00:55:53.532000,2023-09-02 14:40:53.643,1,,False,,False,False,99.448,12,7,1,0.5,0.6956521739130435,3452.98,17.671999999999997,19.153999999999996,90.643
0 days 00:20:12.565000,BOT,77,0 days 00:01:22.658000,2.0,1.0,,,0 days 00:00:27.260000,0 days 00:00:28.048000,0 days 00:00:27.350000,0 days 00:19:17.167000,0 days 00:19:45.215000,0 days 00:20:12.565000,321.0,337.0,311.0,344.0,True,HARD,2.0,True,Alfa Romeo,0 days 00:18:49.907000,2023-09-02 14:03:50.018,1,,False,,False,True,82.658,13,8,0,0.0,0.08695652173913043,1212.565,0.7180000000000035,2.3640000000000043,82.658
0 days 00:21:58.004000,BOT,77,0 days 00:01:45.439000,3.0,1.0,,,0 days 00:00:34.851000,0 days 00:00:38.773000,0 days 00:00:31.815000,0 days 00:20:47.416000,0 days 00:21:26.189000,0 days 00:21:58.004000,164.0,161.0,312.0,243.0,False,HARD,3.0,True,Alfa Romeo,0 days 00:20:12.565000,2023-09-02 14:05:12.676,1,,False,,False,True,105.439,13,8,0,0.0,0.13043478260869565,1318.004,23.498999999999995,25.144999999999996,94.04849999999999
0 days 00:23:20.730000,BOT,77,0 days 00:01:22.726000,4.0,1.0,,,0 days 00:00:27.260000,0 days 00:00:27.995000,0 days 00:00:27.471000,0 days 00:22:25.264000,0 days 00:22:53.259000,0 days 00:23:20.730000,321.0,334.0,312.0,345.0,False,HARD,4.0,True,Alfa Romeo,0 days 00:21:58.004000,2023-09-02 14:06:58.115,1,,False,,False,True,82.726,13,8,0,0.0,0.17391304347826086,1400.73,0.7860000000000014,2.432000000000002,94.0825
0 days 00:25:07.365000,BOT,77,0 days 00:01:46.635000,5.0,1.0,,0 days 00:25:00.968000,0 days 00:00:30.651000,0 days 00:00:32.165000,0 days 00:00:43.819000,0 days 00:23:51.381000,0 days 00:24:23.546000,0 days 00:25:07.365000,287.0,301.0,,287.0,False,HARD,5.0,True,Alfa Romeo,0 days 00:23:20.730000,2023-09-02 14:08:20.841,1,,False,,False,False,106.635,13,8,0,0.0,0.21739130434782608,1507.365,24.695000000000007,26.341000000000008,94.6805
0 days 00:33:30.078000,BOT,77,0 days 00:01:22.249000,7.0,2.0,,,0 days 00:00:27.080000,0 days 00:00:27.808000,0 days 00:00:27.361000,0 days 00:32:34.909000,0 days 00:33:02.717000,0 days 00:33:30.078000,322.0,341.0,307.0,348.0,True,HARD,2.0,True,Alfa Romeo,0 days 00:32:07.829000,2023-09-02 14:17:07.940,1,,False,,False,True,82.249,13,8,0,0.16666666666666666,0.30434782608695654,2010.078,0.3089999999999975,1.9549999999999983,94.44200000000001
0 days 00:35:16.286000,BOT,77,0 days 00:01:46.208000,8.0,2.0,,0 days 00:35:12.383000,0 days 00:00:32.493000,0 days 00:00:33.568000,0 days 00:00:40.147000,0 days 00:34:02.571000,0 days 00:34:36.139000,0 days 00:35:16.286000,288.0,289.0,,238.0,False,HARD,3.0,True,Alfa Romeo,0 days 00:33:30.078000,2023-09-02 14:18:30.189,1,,False,,False,False,106.208,13,8,0,0.16666666666666666,0.34782608695652173,2116.286,24.268,25.914,94.2285
0 days 00:45:38.665000,BOT,77,0 days 00:01:21.947000,10.0,3.0,,,0 days 00:00:26.968000,0 days 00:00:27.730000,0 days 00:00:27.249000,0 days 00:44:43.686000,0 days 00:45:11.416000,0 days 00:45:38.665000,322.0,338.0,310.0,347.0,True,MEDIUM,2.0,True,Alfa Romeo,0 days 00:44:16.718000,2023-09-02 14:29:16.829,1,,False,,False,True,81.947,13,8,1,0.3333333333333333,0.43478260869565216,2738.665,0.007000000000005002,1.6530000000000058,94.0775
0 days 00:47:25.921000,BOT,77,0 days 00:01:47.256000,11.0,3.0,,0 days 00:47:22.047000,0 days 00:00:32.387000,0 days 00:00:35.073000,0 days 00:00:39.796000,0 days 00:46:11.052000,0 days 00:46:46.125000,0 days 00:47:25.921000,276.0,292.0,,256.0,False,MEDIUM,3.0,True,Alfa Romeo,0 days 00:45:38.665000,2023-09-02 14:30:38.776,1,,False,,False,False,107.256,13,8,1,0.3333333333333333,0.4782608695652174,2845.921,25.316000000000003,26.962000000000003,94.6015
0 days 00:56:04.938000,BOT,77,0 days 00:01:21.940000,13.0,4.0,,,0 days 00:00:27.060000,0 days 00:00:27.733000,0 days 00:00:27.147000,0 days 00:55:10.058000,0 days 00:55:37.791000,0 days 00:56:04.938000,324.0,340.0,309.0,349.0,True,MEDIUM,2.0,True,Alfa Romeo,0 days 00:54:42.998000,2023-09-02 14:39:43.109,1,,False,,False,True,81.94,13,8,1,0.5,0.5652173913043478,3364.938,0.0,1.6460000000000008,94.598
0 days 00:57:54.904000,BOT,77,0 days 00:01:49.966000,14.0,4.0,,0 days 00:57:51.040000,0 days 00:00:33.198000,0 days 00:00:34.467000,0 days 00:00:42.301000,0 days 00:56:38.136000,0 days 00:57:12.603000,0 days 00:57:54.904000,282.0,229.0,,241.0,False,MEDIUM,3.0,True,Alfa Romeo,0 days 00:56:04.938000,2023-09-02 14:41:05.049,1,,False,,False,False,109.966,13,8,1,0.5,0.6086956521739131,3474.904,28.025999999999996,29.671999999999997,95.953
0 days 00:20:07.140000,SAR,2,0 days 00:01:22.367000,2.0,1.0,,,0 days 00:00:27.122000,0 days 00:00:27.939000,0 days 00:00:27.306000,0 days 00:19:11.895000,0 days 00:19:39.834000,0 days 00:20:07.140000,323.0,336.0,310.0,344.0,True,HARD,2.0,True,Williams,0 days 00:18:44.773000,2023-09-02 14:03:44.884,1,,False,,False,True,82.367,14,3,0,0.0,0.08695652173913043,1207.14,0.4369999999999976,2.0730000000000075,82.367
0 days 00:21:53.393000,SAR,2,0 days 00:01:46.253000,3.0,1.0,,,0 days 00:00:32.181000,0 days 00:00:37.722000,0 days 00:00:36.350000,0 days 00:20:39.321000,0 days 00:21:17.043000,0 days 00:21:53.393000,289.0,296.0,239.0,303.0,False,HARD,3.0,True,Williams,0 days 00:20:07.140000,2023-09-02 14:05:07.251,1,,False,,False,True,106.253,14,3,0,0.0,0.13043478260869565,1313.393,24.322999999999993,25.959000000000003,94.31
0 days 00:23:38.953000,SAR,2,0 days 00:01:45.560000,4.0,1.0,,,0 days 00:00:33.559000,0 days 00:00:38.658000,0 days 00:00:33.343000,0 days 00:22:26.952000,0 days 00:23:05.610000,0 days 00:23:38.953000,306.0,119.0,313.0,292.0,False,HARD,4.0,True,Williams,0 days 00:21:53.393000,2023-09-02 14:06:53.504,1,,False,,False,True,105.56,14,3,0,0.0,0.17391304347826086,1418.953,23.629999999999995,25.266000000000005,105.9065
0 days 00:25:02.920000,SAR,2,0 days 00:01:23.967000,5.0,1.0,,,0 days 00:00:27.178000,0 days 00:00:27.974000,0 days 00:00:28.815000,0 days 00:24:06.131000,0 days 00:24:34.105000,0 days 00:25:02.920000,323.0,338.0,313.0,347.0,False,HARD,5.0,True,Williams,0 days 00:23:38.953000,2023-09-02 14:08:39.064,1,,False,,False,True,83.967,14,3,0,0.0,0.21739130434782608,1502.92,2.036999999999992,3.673000000000002,94.7635
0 days 00:26:41.717000,SAR,2,0 days 00:01:38.797000,6.0,1.0,,0 days 00:26:37.904000,0 days 00:00:29.392000,0 days 00:00:32.182000,0 days 00:00:37.223000,0 days 00:25:32.312000,0 days 00:26:04.494000,0 days 00:26:41.717000,298.0,294.0,,312.0,False,HARD,6.0,True,Williams,0 days 00:25:02.920000,2023-09-02 14:10:03.031,1,,False,,False,False,98.797,14,3,0,0.0,0.2608695652173913,1601.717,16.86699999999999,18.503,91.382
0 days 00:33:45.668000,SAR,2,0 days 00:01:21.930000,8.0,2.0,,,0 days 00:00:26.940000,0 days 00:00:27.774000,0 days 00:00:27.216000,0 days 00:32:50.678000,0 days 00:33:18.452000,0 days 00:33:45.668000,,339.0,311.0,346.0,True,HARD,2.0,True,Williams,0 days 00:32:23.738000,2023-09-02 14:17:23.849,1,,False,,False,True,81.93,14,3,0,0.16666666666666666,0.34782608695652173,2025.668,0.0,1.63600000000001,90.3635
0 days 00:35:28.682000,SAR,2,0 days 00:01:43.014000,9.0,2.0,,0 days 00:35:24.633000,0 days 00:00:30.240000,0 days 00:00:32.866000,0 days 00:00:39.908000,0 days 00:34:15.908000,0 days 00:34:48.774000,0 days 00:35:28.682000,298.0,304.0,,267.0,False,HARD,3.0,True,Williams,0 days 00:33:45.668000,2023-09-02 14:18:45.779,1,,False,,False,False,103.014,14,3,0,0.16666666666666666,0.391304347826087,2128.682,21.08399999999999,22.72,92.47200000000001
0 days 00:45:21.716000,SAR,2,0 days 00:01:21.944000,11.0,3.0,,,0 days 00:00:26.974000,0 days 00:00:27.771000,0 days 00:00:27.199000,0 days 00:44:26.746000,0 days 00:44:54.517000,0 days 00:45:21.716000,323.0,338.0,312.0,347.0,True,MEDIUM,2.0,True,Williams,0 days 00:43:59.772000,2023-09-02 14:28:59.883,1,,False,,False,True,81.944,14,3,1,0.3333333333333333,0.4782608695652174,2721.716,0.013999999999995794,1.6500000000000057,92.479
0 days 00:47:07.424000,SAR,2,0 days 00:01:45.708000,12.0,3.0,,0 days 00:47:03.563000,0 days 00:00:30.901000,0 days 00:00:34.631000,0 days 00:00:40.176000,0 days 00:45:52.617000,0 days 00:46:27.248000,0 days 00:47:07.424000,289.0,303.0,,313.0,False,MEDIUM,3.0,True,Williams,0 days 00:45:21.716000,2023-09-02 14:30:21.827,1,,False,,False,False,105.708,14,3,1,0.3333333333333333,0.5217391304347826,2827.424,23.77799999999999,25.414,93.826
0 days 00:55:10.481000,SAR,2,0 days 00:01:22.427000,14.0,4.0,,,0 days 00:00:27.061000,0 days 00:00:27.788000,0 days 00:00:27.578000,0 days 00:54:15.115000,0 days 00:54:42.903000,0 days 00:55:10.481000,322.0,336.0,307.0,345.0,False,MEDIUM,2.0,True,Williams,0 days 00:53:48.054000,2023-09-02 14:38:48.165,1,,False,,False,True,82.427,14,3,1,0.5,0.6086956521739131,3310.481,0.4969999999999999,2.1330000000000098,94.0675
0 days 00:57:07.655000,SAR,2,0 days 00:01:57.174000,15.0,4.0,,0 days 00:56:53.369000,0 days 00:00:31.685000,0 days 00:00:36.219000,0 days 00:00:49.270000,0 days 00:55:42.166000,0 days 00:56:18.385000,0 days 00:57:07.655000,225.0,291.0,,296.0,False,MEDIUM,3.0,True,Williams,0 days 00:55:10.481000,2023-09-02 14:40:10.592,1,,False,,False,False,117.174,14,3,1,0.5,0.6521739130434783,3427.655,35.244,36.88000000000001,99.8005
0 days 00:20:17.535000,ZHO,24,0 days 00:01:22.390000,2.0,1.0,,,0 days 00:00:27.051000,0 days 00:00:28.024000,0 days 00:00:27.315000,0 days 00:19:22.196000,0 days 00:19:50.220000,0 days 00:20:17.535000,321.0,338.0,313.0,345.0,True,HARD,2.0,True,Alfa Romeo,0 days 00:18:55.145000,2023-09-02 14:03:55.256,1,,False,,False,True,82.39,15,8,0,0.0,0.08695652173913043,1217.535,0.0,2.0960000000000036,82.39
0 days 00:22:06.054000,ZHO,24,0 days 00:01:48.519000,3.0,1.0,,,0 days 00:00:39.356000,0 days 00:00:36.811000,0 days 00:00:32.352000,0 days 00:20:56.891000,0 days 00:21:33.702000,0 days 00:22:06.054000,192.0,178.0,313.0,97.0,False,HARD,3.0,True,Alfa Romeo,0 days 00:20:17.535000,2023-09-02 14:05:17.646,1,,False,,False,True,108.519,15,8,0,0.0,0.13043478260869565,1326.054,26.129000000000005,28.22500000000001,95.4545
0 days 00:23:29.625000,ZHO,24,0 days 00:01:23.571000,4.0,1.0,,,0 days 00:00:27.256000,0 days 00:00:28.581000,0 days 00:00:27.734000,0 days 00:22:33.310000,0 days 00:23:01.891000,0 days 00:23:29.625000,322.0,336.0,313.0,346.0,False,HARD,4.0,True,Alfa Romeo,0 days 00:22:06.054000,2023-09-02 14:07:06.165,1,,False,,False,True,83.571,15,8,0,0.0,0.17391304347826086,1409.625,1.1809999999999974,3.277000000000001,96.045
0 days 00:25:16.202000,ZHO,24,0 days 00:01:46.577000,5.0,1.0,,0 days 00:25:12.358000,0 days 00:00:37.619000,0 days 00:00:31.564000,0 days 00:00:37.394000,0 days 00:24:07.244000,0 days 00:24:38.808000,0 days 00:25:16.202000,276.0,303.0,,150.0,False,HARD,5.0,True,Alfa Romeo,0 days 00:23:29.625000,2023-09-02 14:08:29.736,1,,False,,False,False,106.577,15,8,0,0.0,0.21739130434782608,1516.202,24.186999999999998,26.283,95.074
0 days 00:33:35.365000,ZHO,24,0 days 00:01:22.429000,7.0,2.0,,,0 days 00:00:27.142000,0 days 00:00:27.978000,0 days 00:00:27.309000,0 days 00:32:40.078000,0 days 00:33:08.056000,0 days 00:33:35.365000,325.0,341.0,312.0,350.0,False,HARD,2.0,True,Alfa Romeo,0 days 00:32:12.936000,2023-09-02 14:17:13.047,1,,True,TRACK LIMITS AT TURN 7 LAP 8 ,False,True,82.429,15,8,0,0.16666666666666666,0.30434782608695654,2015.365,0.03900000000000148,2.135000000000005,94.503
0 days 00:35:32.460000,ZHO,24,0 days 00:01:57.095000,8.0,2.0,,0 days 00:35:20.070000,0 days 00:00:34.009000,0 days 00:00:34.406000,0 days 00:00:48.680000,0 days 00:34:09.374000,0 days 00:34:43.780000,0 days 00:35:32.460000,230.0,269.0,,204.0,False,HARD,3.0,True,Alfa Romeo,0 days 00:33:35.365000,2023-09-02 14:18:35.476,1,,False,,False,False,117.095,15,8,0,0.16666666666666666,0.34782608695652173,2132.46,34.705,36.801,99.762
0 days 00:19:58.150000,GAS,10,0 days 00:01:22.862000,2.0,1.0,,,0 days 00:00:27.245000,0 days 00:00:28.099000,0 days 00:00:27.518000,0 days 00:19:02.533000,0 days 00:19:30.632000,0 days 00:19:58.150000,318.0,331.0,300.0,339.0,True,HARD,2.0,True,Alpine,0 days 00:18:35.288000,2023-09-02 14:03:35.399,1,,False,,False,True,82.862,16,9,0,0.0,0.08695652173913043,1198.15,0.31699999999999307,2.567999999999998,82.862
0 days 00:21:38.721000,GAS,10,0 days 00:01:40.571000,3.0,1.0,,,0 days 00:00:34.336000,0 days 00:00:34.486000,0 days 00:00:31.749000,0 days 00:20:32.486000,0 days 00:21:06.972000,0 days 00:21:38.721000,285.0,289.0,309.0,268.0,False,HARD,3.0,True,Alpine,0 days 00:19:58.150000,2023-09-02 14:04:58.261,1,,False,,False,True,100.571,16,9,0,0.0,0.13043478260869565,1298.721,18.025999999999996,20.277,91.7165
0 days 00:23:19.050000,GAS,10,0 days 00:01:40.329000,4.0,1.0,,0 days 00:23:15.203000,0 days 00:00:29.968000,0 days 00:00:33.530000,0 days 00:00:36.831000,0 days 00:22:08.689000,0 days 00:22:42.219000,0 days 00:23:19.050000,294.0,299.0,,337.0,False,HARD,4.0,True,Alpine,0 days 00:21:38.721000,2023-09-02 14:06:38.832,1,,False,,False,False,100.329,16,9,0,0.0,0.17391304347826086,1399.05,17.783999999999992,20.034999999999997,100.44999999999999
0 days 00:34:05.404000,GAS,10,0 days 00:01:22.545000,6.0,2.0,,,0 days 00:00:27.119000,0 days 00:00:28.047000,0 days 00:00:27.379000,0 days 00:33:09.978000,0 days 00:33:38.025000,0 days 00:34:05.404000,320.0,337.0,305.0,346.0,True,HARD,2.0,True,Alpine,0 days 00:32:42.859000,2023-09-02 14:17:42.970,1,,False,,False,True,82.545,16,9,0,0.16666666666666666,0.2608695652173913,2045.404,0.0,2.2510000000000048,91.437
0 days 00:35:55.173000,GAS,10,0 days 00:01:49.769000,7.0,2.0,,0 days 00:35:50.867000,0 days 00:00:34.891000,0 days 00:00:34.552000,0 days 00:00:40.326000,0 days 00:34:40.295000,0 days 00:35:14.847000,0 days 00:35:55.173000,206.0,286.0,,282.0,False,HARD,3.0,True,Alpine,0 days 00:34:05.404000,2023-09-02 14:19:05.515,1,,False,,False,False,109.769,16,9,0,0.16666666666666666,0.30434782608695654,2155.173,27.224000000000004,29.47500000000001,96.15700000000001
0 days 00:22:42.610000,OCO,31,0 days 00:01:23.276000,2.0,1.0,,,0 days 00:00:27.558000,0 days 00:00:28.206000,0 days 00:00:27.512000,0 days 00:21:46.892000,0 days 00:22:15.098000,0 days 00:22:42.610000,320.0,334.0,305.0,342.0,True,HARD,2.0,True,Alpine,0 days 00:21:19.334000,2023-09-02 14:06:19.445,1,,False,,False,True,83.276,17,9,0,0.0,0.08695652173913043,1362.61,0.7279999999999944,2.9819999999999993,83.276
0 days 00:24:26.050000,OCO,31,0 days 00:01:43.440000,3.0,1.0,,,0 days 00:00:33.536000,0 days 00:00:35.191000,0 days 00:00:34.713000,0 days 00:23:16.146000,0 days 00:23:51.337000,0 days 00:24:26.050000,250.0,239.0,312.0,224.0,False,HARD,3.0,True,Alpine,0 days 00:22:42.610000,2023-09-02 14:07:42.721,1,,False,,False,True,103.44,17,9,0,0.0,0.13043478260869565,1466.05,20.891999999999996,23.146,93.358
0 days 00:25:49.298000,OCO,31,0 days 00:01:23.248000,4.0,1.0,,,0 days 00:00:27.408000,0 days 00:00:27.978000,0 days 00:00:27.862000,0 days 00:24:53.458000,0 days 00:25:21.436000,0 days 00:25:49.298000,317.0,330.0,309.0,339.0,False,HARD,4.0,True,Alpine,0 days 00:24:26.050000,2023-09-02 14:09:26.161,1,,True,TRACK LIMITS AT TURN 10 LAP 5 ,False,True,83.248,17,9,0,0.0,0.17391304347826086,1549.298,0.7000000000000028,2.9540000000000077,93.344
0 days 00:27:36.682000,OCO,31,0 days 00:01:47.384000,5.0,1.0,,0 days 00:27:25.123000,0 days 00:00:30.289000,0 days 00:00:31.544000,0 days 00:00:45.551000,0 days 00:26:19.587000,0 days 00:26:51.131000,0 days 00:27:36.682000,290.0,303.0,,303.0,False,HARD,5.0,True,Alpine,0 days 00:25:49.298000,2023-09-02 14:10:49.409,1,,False,,False,False,107.384,17,9,0,0.0,0.21739130434782608,1656.682,24.836,27.090000000000003,95.316
0 days 00:34:03.211000,OCO,31,0 days 00:01:22.548000,7.0,2.0,,,0 days 00:00:27.296000,0 days 00:00:27.859000,0 days 00:00:27.393000,0 days 00:33:07.959000,0 days 00:33:35.818000,0 days 00:34:03.211000,320.0,337.0,309.0,346.0,True,HARD,2.0,True,Alpine,0 days 00:32:40.663000,2023-09-02 14:17:40.774,1,,False,,False,True,82.548,17,9,0,0.16666666666666666,0.30434782608695654,2043.211,0.0,2.254000000000005,94.96600000000001
0 days 00:35:51.511000,OCO,31,0 days 00:01:48.300000,8.0,2.0,,0 days 00:35:47.664000,0 days 00:00:34.251000,0 days 00:00:34.302000,0 days 00:00:39.747000,0 days 00:34:37.462000,0 days 00:35:11.764000,0 days 00:35:51.511000,271.0,243.0,,255.0,False,HARD,3.0,True,Alpine,0 days 00:34:03.211000,2023-09-02 14:19:03.322,1,,False,,False,False,108.3,17,9,0,0.16666666666666666,0.34782608695652173,2151.511,25.751999999999995,28.006,95.424
0 days 00:19:12.473000,MAG,20,0 days 00:01:22.853000,2.0,1.0,,,0 days 00:00:27.321000,0 days 00:00:28.117000,0 days 00:00:27.415000,0 days 00:18:16.941000,0 days 00:18:45.058000,0 days 00:19:12.473000,321.0,335.0,310.0,341.0,True,HARD,2.0,True,Haas F1 Team,0 days 00:17:49.620000,2023-09-02 14:02:49.731,1,,False,,False,True,82.853,18,7,0,0.0,0.08695652173913043,1152.473,0.2609999999999957,2.5589999999999975,82.853
0 days 00:20:56.595000,MAG,20,0 days 00:01:44.122000,3.0,1.0,,,0 days 00:00:34.571000,0 days 00:00:36.866000,0 days 00:00:32.685000,0 days 00:19:47.044000,0 days 00:20:23.910000,0 days 00:20:56.595000,255.0,289.0,309.0,196.0,False,HARD,3.0,True,Haas F1 Team,0 days 00:19:12.473000,2023-09-02 14:04:12.584,1,,False,,False,True,104.122,18,7,0,0.0,0.13043478260869565,1256.595,21.53,23.828000000000003,93.4875
0 days 00:22:30.537000,MAG,20,0 days 00:01:33.942000,4.0,1.0,,0 days 00:22:26.095000,0 days 00:00:27.570000,0 days 00:00:29.736000,0 days 00:00:36.636000,0 days 00:21:24.165000,0 days 00:21:53.901000,0 days 00:22:30.537000,319.0,321.0,,341.0,False,HARD,4.0,True,Haas F1 Team,0 days 00:20:56.595000,2023-09-02 14:05:56.706,1,,False,,False,False,93.942,18,7,0,0.0,0.17391304347826086,1350.537,11.349999999999994,13.647999999999996,99.032
0 days 00:30:12.293000,MAG,20,0 days 00:01:22.592000,6.0,2.0,,,0 days 00:00:27.384000,0 days 00:00:27.829000,0 days 00:00:27.379000,0 days 00:29:17.085000,0 days 00:29:44.914000,0 days 00:30:12.293000,319.0,333.0,309.0,340.0,True,HARD,2.0,True,Haas F1 Team,0 days 00:28:49.701000,2023-09-02 14:13:49.812,1,,False,,False,True,82.592,18,7,0,0.16666666666666666,0.2608695652173913,1812.293,0.0,2.298000000000002,88.267
0 days 00:32:04.164000,MAG,20,0 days 00:01:51.871000,7.0,2.0,,,0 days 00:00:40.784000,0 days 00:00:39.973000,0 days 00:00:31.114000,0 days 00:30:53.077000,0 days 00:31:33.050000,0 days 00:32:04.164000,178.0,304.0,313.0,178.0,False,HARD,3.0,True,Haas F1 Team,0 days 00:30:12.293000,2023-09-02 14:15:12.404,1,,False,,False,True,111.871,18,7,0,0.16666666666666666,0.30434782608695654,1924.164,29.278999999999996,31.576999999999998,97.2315
0 days 00:33:33.158000,MAG,20,0 days 00:01:28.994000,8.0,2.0,,0 days 00:33:29.259000,0 days 00:00:27.488000,0 days 00:00:28.277000,0 days 00:00:33.229000,0 days 00:32:31.652000,0 days 00:32:59.929000,0 days 00:33:33.158000,324.0,342.0,,351.0,False,HARD,4.0,True,Haas F1 Team,0 days 00:32:04.164000,2023-09-02 14:17:04.275,1,,False,,False,False,88.994,18,7,0,0.16666666666666666,0.34782608695652173,2013.158,6.402000000000001,8.700000000000003,100.4325
0 days 00:22:11.013000,STR,18,0 days 00:01:37.255000,2.0,1.0,,,0 days 00:00:29.164000,0 days 00:00:36.856000,0 days 00:00:31.235000,0 days 00:21:02.922000,0 days 00:21:39.778000,0 days 00:22:11.013000,274.0,308.0,311.0,342.0,False,HARD,2.0,True,Aston Martin,0 days 00:20:33.758000,2023-09-02 14:05:33.869,1,,True,TRACK LIMITS AT TURN 2 LAP 3 ,False,True,97.255,19,5,0,0.0,0.08695652173913043,1331.013,14.394999999999996,16.961,97.255
0 days 00:23:34.589000,STR,18,0 days 00:01:23.576000,3.0,1.0,,,0 days 00:00:27.424000,0 days 00:00:28.342000,0 days 00:00:27.810000,0 days 00:22:38.437000,0 days 00:23:06.779000,0 days 00:23:34.589000,321.0,334.0,311.0,,True,HARD,3.0,True,Aston Martin,0 days 00:22:11.013000,2023-09-02 14:07:11.124,1,,False,,False,True,83.576,19,5,0,0.0,0.13043478260869565,1414.589,0.715999999999994,3.2819999999999965,90.4155
0 days 00:25:17.470000,STR,18,0 days 00:01:42.881000,4.0,1.0,,0 days 00:25:13.608000,0 days 00:00:33.267000,0 days 00:00:33.253000,0 days 00:00:36.361000,0 days 00:24:07.856000,0 days 00:24:41.109000,0 days 00:25:17.470000,283.0,312.0,,212.0,False,HARD,4.0,True,Aston Martin,0 days 00:23:34.589000,2023-09-02 14:08:34.700,1,,False,,False,False,102.881,19,5,0,0.0,0.17391304347826086,1517.47,20.021,22.587000000000003,93.2285
0 days 00:30:18.801000,STR,18,0 days 00:01:22.860000,6.0,2.0,,,0 days 00:00:27.267000,0 days 00:00:28.076000,0 days 00:00:27.517000,0 days 00:29:23.208000,0 days 00:29:51.284000,0 days 00:30:18.801000,321.0,334.0,307.0,340.0,True,HARD,2.0,True,Aston Martin,0 days 00:28:55.941000,2023-09-02 14:13:56.052,1,,False,,False,True,82.86,19,5,0,0.16666666666666666,0.2608695652173913,1818.801,0.0,2.5660000000000025,92.87049999999999
0 days 00:32:03.714000,STR,18,0 days 00:01:44.913000,7.0,2.0,,,0 days 00:00:37.274000,0 days 00:00:36.331000,0 days 00:00:31.308000,0 days 00:30:56.075000,0 days 00:31:32.406000,0 days 00:32:03.714000,256.0,292.0,311.0,171.0,False,HARD,3.0,True,Aston Martin,0 days 00:30:18.801000,2023-09-02 14:15:18.912,1,,False,,False,True,104.913,19,5,0,0.16666666666666666,0.30434782608695654,1923.714,22.052999999999997,24.619,93.8865
0 days 00:33:26.597000,STR,18,0 days 00:01:22.883000,8.0,2.0,,,0 days 00:00:27.281000,0 days 00:00:28.239000,0 days 00:00:27.363000,0 days 00:32:30.995000,0 days 00:32:59.234000,0 days 00:33:26.597000,322.0,336.0,309.0,343.0,False,HARD,4.0,True,Aston Martin,0 days 00:32:03.714000,2023-09-02 14:17:03.825,1,,False,,False,True,82.883,19,5,0,0.16666666666666666,0.34782608695652173,2006.597,0.022999999999996135,2.5889999999999986,93.898
0 days 00:35:12.224000,STR,18,0 days 00:01:45.627000,9.0,2.0,,0 days 00:35:08.352000,0 days 00:00:34.135000,0 days 00:00:34.042000,0 days 00:00:37.450000,0 days 00:34:00.732000,0 days 00:34:34.774000,0 days 00:35:12.224000,284.0,288.0,,193.0,False,HARD,5.0,True,Aston Martin,0 days 00:33:26.597000,2023-09-02 14:18:26.708,1,,False,,False,False,105.627,19,5,0,0.16666666666666666,0.391304347826087,2112.224,22.766999999999996,25.333,94.255
